id,party_short,color,x,y,z,mu_x,mu_y,width,height,angle
16,GLP,#32CD32,0.085427135678392,-0.396984924623116,0,0.0920419654585354,-0.386780220819981,0.192613977789053,0.295832837728387,-175.928981132509
31,SP,#FF0000,-0.738693467336683,-0.125628140703518,0,-0.756948317080328,-0.146323274782507,0.233533508657681,0.329580149313705,-174.898324039756
33,Die Mitte,#C56C46,-0.14572864321608,-0.0452261306532663,0,-0.15268835871395,-0.0468055322546713,0.173661915972048,0.310244748510187,-179.212169512373
41,GLP,#32CD32,-0.35678391959799,0.457286432160804,0,-0.353272522087309,0.468202340511328,0.176275240086432,0.352144335635975,-175.07315102569
42,Die Mitte,#C56C46,-0.35678391959799,-0.00502512562814073,0,-0.36492881478102,-0.0125071248833474,0.197670580009873,0.306933556033114,-171.703648920817
44,SVP,#4F7942,0.829145728643216,-0.14572864321608,0,0.826646075800098,-0.169985851832152,0.208798645552858,0.321399196043093,177.476064498341
58,EVP,#FFA500,-0.417085427135678,-0.0552763819095478,0,-0.445647564298901,-0.0334150820518339,0.217757008616379,0.342340579741996,-176.739770885915
67,Grüne,#008000,-0.819095477386935,0.085427135678392,0,-0.809231165349701,0.0829002873393099,0.218118683755061,0.3552209982186,-172.904494731324
74,SVP,#4F7942,0.85929648241206,-0.336683417085427,0,0.837814978566675,-0.325543253359192,0.202623885983562,0.326921082607896,-178.34222835647
95,GLP,#32CD32,-0.0753768844221106,-0.105527638190955,0,-0.0809445605120971,-0.105108172696563,0.187462921737509,0.351483616617439,-171.22283961715
111,GLP,#32CD32,-0.407035175879397,0.5678391959799,0,-0.407699348453334,0.579379120522648,0.184335883218035,0.340230708236612,-171.070794171873
114,GLP,#32CD32,-0.376884422110553,0.386934673366834,0,-0.404645571375887,0.407993667179314,0.186988077401943,0.349168781276939,-172.822786820282
119,SP,#FF0000,-0.849246231155779,-0.14572864321608,0,-0.828880858951888,-0.146909473702541,0.211253497708131,0.351136236472389,-177.930826628965
123,Grüne,#008000,-0.78894472361809,-0.35678391959799,0,-0.793662314245209,-0.368519503163516,0.22524805939403,0.347579975779297,177.580197586343
124,Die Mitte,#C56C46,-0.0251256281407035,0.346733668341709,0,-0.0232515976601528,0.354362644000668,0.189808360980878,0.337157386760895,-174.681421672082
133,SP,#FF0000,-0.688442211055276,-0.115577889447236,0,-0.696615399611332,-0.105933507254034,0.239171230926785,0.336452578737116,-170.346327343524
148,Grüne,#008000,-0.678391959798995,-0.336683417085427,0,-0.726602904258598,-0.357406414633494,0.232216070255707,0.333980174737765,177.134702923877
160,EVP,#FFA500,-0.256281407035176,-0.336683417085427,0,-0.260563111094885,-0.336081271749868,0.174676149475819,0.320238905927895,-176.897413325441
171,SVP,#4F7942,0.778894472361809,-0.175879396984925,0,0.786368689794777,-0.188489792982269,0.226019334796919,0.326912486236808,175.855805907672
179,Die Mitte,#C56C46,-0.14572864321608,-0.0552763819095478,0,-0.155194873859968,-0.0470302507717561,0.168093269110556,0.286743868057791,179.792524846829
182,Grüne,#008000,-0.798994974874372,-0.28643216080402,0,-0.792818211470274,-0.287804485993486,0.227588651254868,0.350362796375402,179.516370531302
187,SVP,#4F7942,0.115577889447236,-0.407035175879397,0,0.11515465352852,-0.438807837056144,0.186363655902313,0.300367148395853,-171.263414443027
188,GLP,#32CD32,-0.206030150753769,0.00502512562814061,0,-0.211479576483162,0.00671276114265612,0.19013439023807,0.325415084573204,-175.80026882701
195,SP,#FF0000,-0.688442211055276,-0.266331658291457,0,-0.70122451634653,-0.256925939281273,0.235525756892016,0.332808912808243,-179.217538892383
206,SP,#FF0000,-0.728643216080402,-0.246231155778894,0,-0.739519248224687,-0.244195598870985,0.242597734904015,0.344286784425133,-176.428977112128
211,EVP,#FFA500,-0.296482412060301,0.0150753768844221,0,-0.301092206467977,0.00570577732499513,0.177130168726889,0.302955382047276,-174.039174530262
214,SP,#FF0000,-0.748743718592965,-0.0452261306532663,0,-0.755690707768321,-0.0462826569521272,0.242676201684736,0.335608095578582,-165.623789346095
217,SP,#FF0000,-0.778894472361809,-0.135678391959799,0,-0.770500021372092,-0.147106301885969,0.236191791981889,0.340728793888124,-174.626315903252
253,Die Mitte,#C56C46,-0.0452261306532663,-0.0954773869346733,0,-0.0451297491146045,-0.0961895769278153,0.163619958823338,0.294173031685393,179.920016779743
264,EVP,#FFA500,-0.115577889447236,-0.447236180904523,0,-0.123942973243712,-0.462902020588488,0.187582935616266,0.307036058229642,177.641497856291
295,SP,#FF0000,-0.638190954773869,0.0251256281407035,0,-0.677150962603143,0.0342535256217391,0.248749423239019,0.343252350309314,-172.756514622047
297,Grüne,#008000,-0.869346733668342,-0.226130653266332,0,-0.84460233294842,-0.238289026971511,0.202932807323035,0.362393556083821,-178.048272724811
299,SP,#FF0000,-0.798994974874372,-0.115577889447236,0,-0.792850397304314,-0.143731432529633,0.226448324512602,0.342891667319097,-174.437553339207
301,Die Mitte,#C56C46,-0.206030150753769,-0.0452261306532663,0,-0.211696102147242,-0.0235890004869083,0.192171254990796,0.3034834789466,178.918019114724
313,Grüne,#008000,-0.668341708542714,-0.195979899497487,0,-0.687226034839217,-0.186712988958221,0.241435860616456,0.333168588120486,-172.250331102319
325,Die Mitte,#C56C46,-0.105527638190955,-0.0452261306532663,0,-0.114565590701837,-0.0692477159772226,0.163069206460363,0.282989166879189,-177.177618857968
331,GLP,#32CD32,-0.35678391959799,0.517587939698493,0,-0.367424852129534,0.533966849404802,0.186280484539276,0.345701371148631,-169.74004458807
340,FDP,#0000FF,0.115577889447236,0.326633165829146,0,0.121519823252179,0.327939144754285,0.191523668935502,0.340300990825397,177.209669892697
346,SP,#FF0000,-0.266331658291457,-0.376884422110553,0,-0.26562576343799,-0.400453923374988,0.181279721603151,0.307024954933068,-178.021491894979
368,SVP,#4F7942,0.547738693467337,-0.457286432160804,0,0.565093472370901,-0.445984560052117,0.218497725155407,0.304635168344081,-177.262443306717
374,FDP,#0000FF,0.28643216080402,0.396984924623116,0,0.292582241490513,0.411803403173176,0.202291307529289,0.347684873796063,177.657281851701
386,EVP,#FFA500,-0.28643216080402,-0.14572864321608,0,-0.30700528913869,-0.137414579325876,0.179332352119511,0.319869703843084,-177.065574808904
392,Grüne,#008000,-0.899497487437186,-0.366834170854271,0,-0.851844758047059,-0.365655541615997,0.198861969531375,0.353392511996596,178.368656522703
398,GLP,#32CD32,-0.0753768844221106,-0.326633165829146,0,-0.0793823854513881,-0.318939355625302,0.171716892409762,0.285600977629851,-178.258615889107
406,EVP,#FFA500,-0.246231155778894,-0.115577889447236,0,-0.254577816343634,-0.0920446258973602,0.166526106512458,0.29792089838304,-176.317338124576
409,GLP,#32CD32,-0.376884422110553,0.507537688442211,0,-0.396695869877458,0.517486211265298,0.203885317025987,0.342325890953029,-171.38746320106
411,SP,#FF0000,-0.738693467336683,0.0251256281407035,0,-0.749109387343543,0.0397097853650745,0.236124144669717,0.373755500151395,-171.821435818788
433,SVP,#4F7942,0.5678391959799,-0.35678391959799,0,0.577109082512265,-0.34779663286647,0.22672238097077,0.294610626156187,179.568738483872
440,SP,#FF0000,-0.698492462311558,-0.14572864321608,0,-0.715242103944434,-0.15812449076135,0.242506493365424,0.332044586329551,-170.117989089288
449,Die Mitte,#C56C46,-0.135678391959799,0.115577889447236,0,-0.14749019371124,0.132100519951931,0.180257165545481,0.316682910717138,-177.582342144065
469,SVP,#4F7942,0.487437185929648,-0.296482412060301,0,0.520085239933027,-0.276600896327421,0.225037486819401,0.301683968435742,174.910208522892
521,Die Mitte,#C56C46,-0.0653266331658291,-0.326633165829146,0,-0.070966269238161,-0.318146839916436,0.170164910744862,0.286151713723414,-178.713683579908
535,SP,#FF0000,-0.728643216080402,-0.115577889447236,0,-0.739525721827135,-0.112606154370602,0.23580257480398,0.336849267554569,-170.824100450905
536,SP,#FF0000,-0.738693467336683,-0.0954773869346733,0,-0.756731518578178,-0.0824828125912721,0.239880496912893,0.364085101656708,-176.649807463481
545,Grüne,#008000,-0.35678391959799,-0.618090452261307,0,-0.360976668858458,-0.628780036157134,0.193208629491543,0.314720066982869,177.135390491393
558,SP,#FF0000,-0.738693467336683,-0.185929648241206,0,-0.748618111985219,-0.185431467237762,0.229115872131861,0.328610735108103,-173.819474295735
563,Grüne,#008000,-0.537688442211055,-0.035175879396985,0,-0.542096227955358,-0.0420143845665727,0.210044647214401,0.331432617753478,-175.758670444864
571,Grüne,#008000,-0.78894472361809,-0.206030150753769,0,-0.785222006954558,-0.222575883168135,0.22998992394764,0.335268279792424,179.242618921465
576,Die Mitte,#C56C46,-0.21608040201005,0.0452261306532664,0,-0.21276441847257,0.0478631101188341,0.167473597667639,0.285181626606837,-178.202562577859
605,SP,#FF0000,-0.638190954773869,0.0552763819095476,0,-0.671893035334765,0.0387043179272948,0.244954959753699,0.34252677665581,-166.251287526114
614,EVP,#FFA500,-0.28643216080402,-0.0150753768844221,0,-0.295069406299075,-0.000346134673130226,0.185724656301637,0.331387150665304,-177.650938191368
617,GLP,#32CD32,-0.105527638190955,0.0251256281407035,0,-0.110843451633917,0.040459540862784,0.175078813301528,0.311630253386593,-179.914704348806
625,SP,#FF0000,-0.738693467336683,-0.125628140703518,0,-0.750254959311098,-0.143582380844688,0.238103662497222,0.338628687722653,-174.720994108901
628,Die Mitte,#C56C46,-0.21608040201005,0.085427135678392,0,-0.226905253064764,0.100773568702167,0.175406364268544,0.306863157196453,-177.264093275567
637,Die Mitte,#C56C46,-0.105527638190955,-0.0251256281407035,0,-0.107904200893501,-0.046464676357223,0.175024065462144,0.321276849769941,-176.718605727928
639,SP,#FF0000,-0.597989949748744,-0.366834170854271,0,-0.622577865049226,-0.373492944859572,0.229550654352465,0.335807420453291,172.030486351486
650,Die Mitte,#C56C46,-0.0653266331658291,-0.00502512562814073,0,-0.0572044841688672,-0.0134119722296072,0.168122997459662,0.299332126029144,179.001969287654
668,SP,#FF0000,-0.587939698492462,-0.0954773869346733,0,-0.61321500638648,-0.100675589592205,0.225793243707052,0.317873981354844,-169.87244020754
674,Grüne,#008000,-0.849246231155779,-0.0954773869346733,0,-0.821005495715102,-0.102207396475653,0.218871705900296,0.343415168546989,-175.13418483973
690,SVP,#4F7942,0.778894472361809,-0.125628140703518,0,0.783222827340699,-0.146661621683575,0.226065714880768,0.326348347658952,175.506076347347
701,Die Mitte,#C56C46,0.135678391959799,0.346733668341709,0,0.129798308912061,0.367447343128893,0.185505551681073,0.337663681935174,176.646742018448
712,Die Mitte,#C56C46,-0.246231155778894,-0.0251256281407035,0,-0.271079627156776,-0.0065300629084854,0.188364801193188,0.291827095241832,-175.437915789741
715,Die Mitte,#C56C46,0.517587939698493,0.206030150753769,0,0.536118538874888,0.194933190417833,0.216387145483002,0.319456009707191,168.492808155864
741,EVP,#FFA500,-0.115577889447236,-0.0552763819095478,0,-0.119582050359782,-0.0499581528233177,0.174823143963942,0.296615099446389,-178.412995775382
756,SP,#FF0000,-0.718592964824121,-0.0552763819095478,0,-0.728571706108685,-0.0358241470893397,0.241816420810157,0.349252723439555,-170.252589082706
760,SP,#FF0000,-0.809045226130653,0.00502512562814061,0,-0.799476857527957,-0.0117024112214963,0.229760115046965,0.335458578477147,-174.600753538803
780,FDP,#0000FF,0.115577889447236,0.296482412060302,0,0.124791655178407,0.321124258617874,0.189832105627123,0.331113518692806,177.664428812504
786,Die Mitte,#C56C46,-0.195979899497487,0.035175879396985,0,-0.215692644180525,0.0165827861487265,0.187822969755777,0.324377162231338,-179.761010526395
795,GLP,#32CD32,-0.35678391959799,0.437185929648241,0,-0.356937982302981,0.453385067213207,0.189568582718799,0.335567226297029,-172.269339480305
806,Grüne,#008000,-0.668341708542714,-0.28643216080402,0,-0.704263386461601,-0.266097574044818,0.239837663468229,0.333398740800434,-178.084096088767
810,Grüne,#008000,-0.839195979899498,-0.195979899497487,0,-0.821242471570314,-0.190837566363019,0.216535136208074,0.364520643467548,178.577388434354
814,Die Mitte,#C56C46,-0.0954773869346733,0.0954773869346735,0,-0.107330258006504,0.0997514946393245,0.16620619268629,0.303248445347495,-174.452893585409
834,EVP,#FFA500,-0.185929648241206,-0.115577889447236,0,-0.185109133741229,-0.127899472683601,0.174317011923606,0.312112323710675,179.316428821821
847,Die Mitte,#C56C46,-0.115577889447236,0.326633165829146,0,-0.110495616158887,0.342253613613597,0.163915577709126,0.317640276610481,179.517021666767
848,SP,#FF0000,-0.85929648241206,-0.185929648241206,0,-0.830316702169236,-0.209971081062219,0.211532658787616,0.339636752041139,-178.386892922788
857,Die Mitte,#C56C46,-0.256281407035176,0.35678391959799,0,-0.277064441338807,0.344352825567848,0.179717555078778,0.325128726125419,-175.137710140948
863,GLP,#32CD32,-0.417085427135678,0.537688442211055,0,-0.440699287170994,0.527066172955394,0.189432393914302,0.335019883341137,-171.626301262528
873,GLP,#32CD32,-0.266331658291457,0.507537688442211,0,-0.293294167338225,0.516400176462287,0.182132558808453,0.34818411286662,-173.027734409459
875,GLP,#32CD32,-0.316582914572864,0.457286432160804,0,-0.327580225533058,0.488879673566156,0.190146024921797,0.354241826115233,-172.638407842708
880,EVP,#FFA500,-0.185929648241206,-0.21608040201005,0,-0.184805352252034,-0.206269322707488,0.188141190817048,0.317212522344649,-176.514202682817
889,GLP,#32CD32,-0.226130653266332,-0.276381909547739,0,-0.23602152551007,-0.288640816490387,0.176649248900861,0.287712659011769,-179.897675996402
900,Die Mitte,#C56C46,-0.0753768844221106,0.0251256281407035,0,-0.0745753515482457,0.0331456522074216,0.16561077988367,0.298197634257383,-179.08122044158
905,SVP,#4F7942,0.608040201005025,-0.336683417085427,0,0.622237318715068,-0.330803182714395,0.23381791659978,0.320641837034943,178.71603180902
911,GLP,#32CD32,-0.28643216080402,0.266331658291457,0,-0.287445861267422,0.279116338139879,0.178693082780725,0.337858706150423,-173.355501012123
912,SVP,#4F7942,0.889447236180905,-0.296482412060301,0,0.853440352095817,-0.292266784576251,0.196684829786015,0.339149920223768,179.351384778356
914,FDP,#0000FF,0.457286432160804,0.467336683417085,0,0.449958134334747,0.487512704384917,0.202286589895456,0.349317583171455,173.130578534456
918,SP,#FF0000,-0.78894472361809,-0.105527638190955,0,-0.794406918267997,-0.105608800418611,0.225709990377838,0.337766039889531,-174.096902144419
930,FDP,#0000FF,0.326633165829146,0.266331658291457,0,0.335737116169287,0.304242184240776,0.202696177662169,0.349506692395797,177.737904104535
950,SP,#FF0000,-0.618090452261307,0.0653266331658291,0,-0.636829589754158,0.105507435721087,0.233830376499215,0.358292089230874,-166.186609008244
981,GLP,#32CD32,-0.487437185929648,0.507537688442211,0,-0.498067895209931,0.527123504541188,0.193418271374316,0.335876290151046,-168.64843662911
983,SVP,#4F7942,0.869346733668342,-0.346733668341709,0,0.846702416733452,-0.345228052628979,0.194438497659772,0.334230445747678,-178.310671772707
990,GLP,#32CD32,-0.195979899497487,0.185929648241206,0,-0.198374397449179,0.204643179815347,0.189393921873549,0.33921612012912,-176.396697423471
991,GLP,#32CD32,-0.155778894472362,0.366834170854271,0,-0.155546539305673,0.401634757708586,0.17703411657722,0.337827968330702,-175.583418971507
1012,FDP,#0000FF,0.396984924623116,0.417085427135678,0,0.403493917425002,0.441451357676958,0.202610559159681,0.357202844189412,174.124088705603
1026,Grüne,#008000,-0.618090452261307,0.0452261306532664,0,-0.640807939496101,0.0307028270020172,0.250061989639193,0.339254664379728,-171.35565587646
1048,SVP,#4F7942,0.42713567839196,-0.467336683417085,0,0.458110574466768,-0.488614748428166,0.210639369395961,0.298166507784709,-175.83428472785
1067,Grüne,#008000,-0.78894472361809,-0.316582914572864,0,-0.796454709008628,-0.327828049333143,0.224551582588815,0.340318750755616,179.151398569835
1071,SVP,#4F7942,0.386934673366834,-0.597989949748744,0,0.398140201622599,-0.613643474202796,0.195158075739134,0.303399742466462,-171.830599202394
1077,GLP,#32CD32,-0.165829145728643,0.206030150753769,0,-0.169439196398772,0.223364372806274,0.181828308608536,0.316711528346251,-176.343858904484
1103,SP,#FF0000,-0.597989949748744,-0.266331658291457,0,-0.604905704691662,-0.259616946799252,0.241839662569134,0.356107242923897,179.402523947361
1138,Grüne,#008000,-0.829145728643216,-0.236180904522613,0,-0.814721433447426,-0.25898878784967,0.218332302599495,0.343565600627251,-178.251078482179
1164,SP,#FF0000,-0.648241206030151,-0.0753768844221106,0,-0.691317637002822,-0.0835351632639331,0.229806849552173,0.333683174323544,-169.481521427985
1174,GLP,#32CD32,-0.185929648241206,0.507537688442211,0,-0.176919668107677,0.539889340361558,0.176508300472149,0.348333638625695,-172.190830227921
1183,Grüne,#008000,-0.728643216080402,-0.085427135678392,0,-0.749571902711309,-0.0985596246585953,0.24132127823942,0.344393409295427,-172.55122345411
1196,Grüne,#008000,-0.698492462311558,-0.0753768844221106,0,-0.716448537583332,-0.0569833897328121,0.235284216176702,0.328004188638343,-172.069691373128
1242,EVP,#FFA500,-0.447236180904523,0.185929648241206,0,-0.485075080295678,0.168017011812132,0.205448420358459,0.362258151194865,-173.039175283934
1251,GLP,#32CD32,-0.206030150753769,0.195979899497488,0,-0.218882876785234,0.199069652468358,0.177314519243116,0.330693484426726,-171.742756153192
1265,SP,#FF0000,-0.819095477386935,-0.0753768844221106,0,-0.813003500406873,-0.0957109344859921,0.221308087157864,0.350312619349719,-176.864714036766
1268,EVP,#FFA500,-0.447236180904523,-0.236180904522613,0,-0.470271955234995,-0.22051481541862,0.205504802364416,0.340309044671622,177.740972377156
1273,Die Mitte,#C56C46,-0.336683417085427,-0.206030150753769,0,-0.34849624918788,-0.218579563535775,0.194883884751018,0.308643840754778,179.170760361693
1290,GLP,#32CD32,-0.35678391959799,0.115577889447236,0,-0.36816340061993,0.123360746332605,0.179257844972368,0.321675601934314,-172.356992785738
1293,SP,#FF0000,-0.597989949748744,-0.0150753768844221,0,-0.625111448207232,0.00932627501079646,0.250685216696647,0.342690681941591,-164.320341827278
1297,FDP,#0000FF,0.407035175879397,0.437185929648241,0,0.413335955360311,0.472012571555923,0.211800184908414,0.337904194909654,174.69122896247
1331,Die Mitte,#C56C46,-0.0552763819095478,-0.085427135678392,0,-0.0508852298407453,-0.078713949098174,0.1636155527568,0.279732952343527,-176.725920011727
1334,SP,#FF0000,-0.909547738693467,-0.226130653266332,0,-0.856252392061313,-0.245091430280243,0.196379846700909,0.343105923256177,-179.853094129435
1368,GLP,#32CD32,-0.42713567839196,0.447236180904523,0,-0.423945872287476,0.469087248465104,0.201035902421355,0.338271513546451,-172.835133439196
1373,EVP,#FFA500,-0.0552763819095478,-0.417085427135678,0,-0.0630920822549501,-0.418740231670391,0.177162525772135,0.312371753833531,-178.802638558699
1374,Die Mitte,#C56C46,-0.0954773869346733,-0.035175879396985,0,-0.107179049468314,-0.0229978749332329,0.164129975949092,0.29488345448406,-179.169939441495
1382,EVP,#FFA500,-0.417085427135678,-0.035175879396985,0,-0.402053512460586,-0.0627438853871918,0.191846935648326,0.313066889661939,-174.434006890683
1391,Die Mitte,#C56C46,-0.0251256281407035,0.306532663316583,0,-0.0234777167295506,0.310073658810796,0.187464114752721,0.330265294837066,-179.95944152372
1395,Grüne,#008000,-0.839195979899498,-0.165829145728643,0,-0.821198841929896,-0.198805129263823,0.21198860401443,0.332476537317351,-178.161461069247
1442,GLP,#32CD32,-0.386934673366834,0.396984924623116,0,-0.408951106486953,0.450045215175133,0.193549626429242,0.337371092169686,-168.345727293536
1453,GLP,#32CD32,-0.366834170854271,0.115577889447236,0,-0.381217870811109,0.123838192908298,0.207881778732458,0.372252449407632,-173.988836351689
1458,SVP,#4F7942,0.809045226130653,-0.165829145728643,0,0.799252405392109,-0.172646790029276,0.215737262730947,0.313361407289028,177.731949596026
1471,Grüne,#008000,-0.819095477386935,-0.326633165829146,0,-0.815019119201042,-0.336666418013701,0.217605148378361,0.346014546975357,178.142738846586
1497,SVP,#4F7942,0.557788944723618,-0.21608040201005,0,0.557734638489412,-0.217292153918733,0.22726846796995,0.332831080494488,174.145543223866
1502,SVP,#4F7942,0.778894472361809,-0.477386934673367,0,0.775174515294664,-0.46107083863963,0.223075097806174,0.336287542026711,-174.631280794335
1531,EVP,#FFA500,-0.316582914572864,-0.0452261306532663,0,-0.320094102106019,-0.0310308724758406,0.186802195233831,0.320746395255053,-171.985608436283
1533,FDP,#0000FF,0.346733668341709,0.366834170854271,0,0.364062133390004,0.389436710130014,0.197834140831154,0.348578598222021,175.286348695827
1569,SVP,#4F7942,0.738693467336683,-0.195979899497487,0,0.740208478799433,-0.17944716178201,0.233942633998158,0.31530041131937,175.816806197046
1574,EVP,#FFA500,0.125628140703518,-0.175879396984925,0,0.125693367616166,-0.181677047667822,0.187146648213768,0.31032967737042,179.512626408544
1585,SVP,#4F7942,0.728643216080402,-0.195979899497487,0,0.740636384045129,-0.171704408086859,0.22782152469054,0.311013477315208,171.154362153206
1592,EVP,#FFA500,-0.326633165829146,0.0552763819095476,0,-0.32751086085866,0.0637371095613385,0.187294669488492,0.318986963417896,-170.448371165011
1611,GLP,#32CD32,-0.527638190954774,0.316582914572864,0,-0.553169445796625,0.31357951479736,0.209631908139909,0.354395747812144,-166.220725003132
1659,Die Mitte,#C56C46,-0.00502512562814073,-0.35678391959799,0,-0.00535111897130849,-0.360742144116746,0.171182282108333,0.278831347171688,-176.936133676286
1665,SVP,#4F7942,0.889447236180905,-0.306532663316583,0,0.856612713485929,-0.302159842202497,0.191657866189319,0.329020964425614,-179.757340310326
1670,EVP,#FFA500,0.00502512562814061,-0.256281407035176,0,0.0109037443345019,-0.24813171770013,0.173479947909547,0.287816332146925,-179.184563630842
1694,SP,#FF0000,-0.628140703517588,0.0653266331658291,0,-0.676828403470362,0.0886704723924019,0.242222284203124,0.340191728470921,-167.851038409959
1728,GLP,#32CD32,-0.276381909547739,0.276381909547739,0,-0.287207145790076,0.28814630616346,0.185203073083005,0.358819454169337,-171.809329569193
1740,SVP,#4F7942,0.14572864321608,-0.125628140703518,0,0.140227401286351,-0.122937984843282,0.189550002426239,0.301737460074533,-175.460486867053
1754,Grüne,#008000,-0.798994974874372,-0.00502512562814073,0,-0.793083879659501,-0.00620434183412097,0.227338669160026,0.352752582329037,-173.749226741571
1769,FDP,#0000FF,0.396984924623116,0.21608040201005,0,0.394956694157258,0.236453455544261,0.19991075009059,0.342972904020445,173.97721596879
1770,FDP,#0000FF,0.326633165829146,0.42713567839196,0,0.344114601350634,0.453355562595869,0.202664358883201,0.348844995554096,176.610563438171
1783,SP,#FF0000,-0.718592964824121,-0.135678391959799,0,-0.734727560659692,-0.140555038455058,0.238013880280165,0.339824684420475,-171.196577549357
1786,Die Mitte,#C56C46,-0.28643216080402,-0.0653266331658291,0,-0.286021785517131,-0.0453087157260736,0.186687342485229,0.293759675659958,-177.78152453122
1787,Grüne,#008000,-0.557788944723618,-0.105527638190955,0,-0.58709924512637,-0.096112762838267,0.225818172330011,0.332329514732375,-169.053211926937
1791,SVP,#4F7942,0.527638190954774,-0.457286432160804,0,0.553497773767719,-0.468421780330656,0.219320973890761,0.309647773918485,-170.240967838815
1822,GLP,#32CD32,-0.14572864321608,0.437185929648241,0,-0.161521649905203,0.462025873480611,0.177602630497628,0.356698864923079,-175.832074258105
1845,SP,#FF0000,-0.849246231155779,0.035175879396985,0,-0.824884770863619,0.0330905775590384,0.212257757747277,0.342815560230109,-173.378860093371
1868,FDP,#0000FF,0.316582914572864,0.417085427135678,0,0.313253254632351,0.445183705365723,0.195287026403496,0.344620638404759,176.826694848242
1871,Grüne,#008000,-0.557788944723618,-0.0452261306532663,0,-0.598325651031775,-0.0521029498679123,0.222926383221082,0.32891185379064,-173.398177905007
1883,SVP,#4F7942,0.678391959798995,-0.306532663316583,0,0.696490660867048,-0.319202360485236,0.24539842385794,0.326186363580718,-177.735887093784
1885,Grüne,#008000,-0.668341708542714,-0.165829145728643,0,-0.694427029804455,-0.183799391435096,0.246406617496466,0.324591498792889,-168.612654998404
1893,SP,#FF0000,-0.658291457286432,0.0150753768844221,0,-0.687051828739552,0.0499917926199065,0.240947023940737,0.339720020359711,-161.549503939348
1898,SP,#FF0000,-0.758793969849246,-0.105527638190955,0,-0.751995459509443,-0.104132052954985,0.235035717623163,0.336256611047067,-168.797297644532
1904,SVP,#4F7942,0.819095477386935,-0.135678391959799,0,0.808332973989716,-0.126407176197383,0.217542106231433,0.313759852321429,175.006463446261
1918,Die Mitte,#C56C46,-0.0552763819095478,0.0753768844221106,0,-0.0763633187835369,0.0857623204665197,0.172190991475472,0.287989136749325,-177.811493713633
1919,GLP,#32CD32,-0.477386934673367,0.5678391959799,0,-0.476479867339168,0.569174524393583,0.19202302175708,0.33870712518016,-171.052466712756
1926,SP,#FF0000,-0.748743718592965,-0.115577889447236,0,-0.743483470293365,-0.130897900692757,0.239886131843075,0.336587462799016,-170.851565733781
1927,GLP,#32CD32,-0.236180904522613,0.527638190954774,0,-0.248783787383474,0.541315860928042,0.193831531449642,0.363168556741841,-174.038518057694
1932,GLP,#32CD32,-0.366834170854271,0.447236180904523,0,-0.382499238468212,0.483742562919299,0.184813336846788,0.336044275840995,-173.563220239809
1942,EVP,#FFA500,-0.507537688442211,-0.0753768844221106,0,-0.516081160140844,-0.0700266822172564,0.210623162048453,0.329577869456691,-174.632371538236
1948,SP,#FF0000,-0.49748743718593,-0.175879396984925,0,-0.514581390143411,-0.190097857940354,0.208601304607973,0.304346847115248,-178.943947417331
1955,Die Mitte,#C56C46,-0.0753768844221106,-0.0251256281407035,0,-0.0582699831049089,-0.0205918396637962,0.167817605871017,0.296440379652288,-178.02003280255
1964,SVP,#4F7942,0.587939698492462,-0.326633165829146,0,0.607650113080845,-0.328123140270059,0.240002892609004,0.305736454936955,172.472845301194
1982,GLP,#32CD32,-0.085427135678392,0.396984924623116,0,-0.0964579673025873,0.407990390907629,0.18799960767104,0.35314489505427,-177.591165446409
1994,SVP,#4F7942,0.869346733668342,-0.366834170854271,0,0.839220345202682,-0.370572284140963,0.199560174896014,0.332925063882747,-177.700276164211
2010,Grüne,#008000,-0.85929648241206,-0.266331658291457,0,-0.835470435343795,-0.276386756780633,0.208615168269198,0.344908915149794,-179.638973568769
2019,SP,#FF0000,-0.849246231155779,-0.0251256281407035,0,-0.817717307824542,-0.0036774142646994,0.215772830259346,0.334040730301287,-172.759423386289
2044,SP,#FF0000,-0.798994974874372,0.0452261306532664,0,-0.788164275851679,0.0409506475849187,0.228938404216666,0.342107337447584,-173.522706367744
2060,EVP,#FFA500,-0.28643216080402,-0.085427135678392,0,-0.295366600950312,-0.0854270411723304,0.189877337770049,0.321688131093335,-176.143223753562
2111,Die Mitte,#C56C46,0.0251256281407035,0.246231155778895,0,0.0262784882710282,0.259398001607072,0.179563750942067,0.32104638227851,179.965944837781
2112,GLP,#32CD32,-0.326633165829146,0.517587939698493,0,-0.319757276821832,0.528548872523955,0.169077804967324,0.335127782886743,-173.374448286539
2129,EVP,#FFA500,-0.165829145728643,-0.125628140703518,0,-0.17429136187558,-0.124865492431082,0.174636960054261,0.305627316492149,-179.346112892342
2132,Grüne,#008000,-0.638190954773869,-0.35678391959799,0,-0.678508992058279,-0.360794724993136,0.249759884286682,0.343018751374018,175.957881911241
2150,SVP,#4F7942,0.256281407035176,-0.366834170854271,0,0.258109130273589,-0.383894828329053,0.185317535509641,0.298255829609614,-174.737976795124
2172,Grüne,#008000,-0.608040201005025,-0.366834170854271,0,-0.638381276738405,-0.355511577752101,0.23394556206072,0.340114252078245,174.656742187883
2177,Grüne,#008000,-0.728643216080402,-0.00502512562814073,0,-0.745168743102425,-0.0285967998176566,0.238086238056117,0.350705293316318,-174.299732859345
2189,GLP,#32CD32,-0.336683417085427,0.577889447236181,0,-0.333369759505539,0.591455047402103,0.172571154816324,0.341963788107451,-172.488546671439
2201,GLP,#32CD32,-0.386934673366834,0.517587939698493,0,-0.396463946185541,0.528523094071137,0.189630821329619,0.336659835535001,-171.776400910108
2217,Die Mitte,#C56C46,0.155778894472362,-0.175879396984925,0,0.155888844020229,-0.171797826890467,0.18842111372906,0.290415868151,179.141960803623
2219,SP,#FF0000,-0.527638190954774,-0.195979899497487,0,-0.544325473809411,-0.190810992192569,0.221139589504047,0.322958836833178,-179.582883236494
2232,GLP,#32CD32,-0.386934673366834,0.5678391959799,0,-0.389763898197517,0.591384863738684,0.187354464788316,0.339975739850568,-170.197941097715
2236,EVP,#FFA500,-0.306532663316583,-0.0753768844221106,0,-0.31162095412925,-0.0370075054931729,0.179713464485374,0.30109310721228,-173.902459255986
2245,SVP,#4F7942,0.758793969849246,-0.266331658291457,0,0.762412881787284,-0.266162509187367,0.227464860426923,0.317810530997543,178.88203180139
2246,Grüne,#008000,-0.678391959798995,-0.185929648241206,0,-0.715872649069637,-0.19981044736573,0.23920075228369,0.353755041889879,-177.050674336096
2253,SP,#FF0000,-0.718592964824121,-0.135678391959799,0,-0.733385073242093,-0.146041994433951,0.234938055934604,0.33646179215904,-171.34274492642
2260,SVP,#4F7942,0.849246231155779,-0.266331658291457,0,0.829132171043752,-0.267599386863253,0.208978005401765,0.337391856932078,178.559705370868
2263,Die Mitte,#C56C46,-0.035175879396985,-0.0954773869346733,0,-0.0255705092838618,-0.0818864777196595,0.163570039715211,0.294006196225398,178.680444800674
2273,SVP,#4F7942,0.668341708542714,-0.21608040201005,0,0.680962568438472,-0.205736517649072,0.23198289742251,0.302618093987689,172.037333050338
2278,SP,#FF0000,-0.658291457286432,-0.246231155778894,0,-0.696340423469294,-0.244906763645519,0.233668034741841,0.33293514291,-176.872011356857
2281,GLP,#32CD32,-0.35678391959799,0.447236180904523,0,-0.360400079256011,0.480467508036195,0.182848813586528,0.331970644156921,-173.114783874618
2293,SP,#FF0000,-0.658291457286432,-0.185929648241206,0,-0.689329875578768,-0.202082918130214,0.242007807795037,0.340974380589066,-179.770193599444
2298,Grüne,#008000,-0.688442211055276,-0.175879396984925,0,-0.701617955516314,-0.175581746550624,0.242713249513361,0.328911258078986,-172.034009140901
2312,SVP,#4F7942,0.587939698492462,-0.296482412060301,0,0.60017304484619,-0.303465399115296,0.222660498008124,0.301303438932817,-178.355328744672
2316,GLP,#32CD32,-0.0653266331658291,0.537688442211055,0,-0.0734376613267948,0.563037675751868,0.173491721378849,0.342738707787492,-178.566787746444
2320,SP,#FF0000,-0.668341708542714,0.085427135678392,0,-0.685550192274757,0.118354469379692,0.245092701638067,0.351838899830858,-165.85514434714
2322,EVP,#FFA500,0.0150753768844221,-0.417085427135678,0,0.01176017602869,-0.442970225991754,0.175450168823229,0.280643033073868,-179.181323002143
2331,GLP,#32CD32,-0.407035175879397,0.457286432160804,0,-0.429034971877534,0.472103944802894,0.184629273487418,0.347213532737866,-169.700696296675
2334,SVP,#4F7942,0.608040201005025,-0.135678391959799,0,0.616568096765503,-0.127645741201825,0.241268015955082,0.3157073113725,167.070820321744
2338,SVP,#4F7942,0.417085427135678,-0.195979899497487,0,0.450625498151508,-0.145128606621031,0.211552895757903,0.332662237755923,179.519114746098
2339,EVP,#FFA500,-0.417085427135678,-0.115577889447236,0,-0.430456783577956,-0.0956057653432158,0.1972458350483,0.320752697113474,-167.299432786205
2341,Grüne,#008000,-0.768844221105528,-0.276381909547739,0,-0.780999561661457,-0.297741932121549,0.233874027421457,0.358869026374531,179.597641590897
2346,Grüne,#008000,-0.688442211055276,-0.326633165829146,0,-0.729946673163744,-0.341979243606627,0.242518591248822,0.347701418758721,-179.708622741051
2367,Grüne,#008000,-0.628140703517588,0.206030150753769,0,-0.657508074206717,0.22470190820694,0.251454861597752,0.389411202449232,-170.354886677602
2371,GLP,#32CD32,-0.49748743718593,0.296482412060302,0,-0.502106408496353,0.296189631000007,0.204189508211078,0.342841246261557,-170.879539858558
2378,Die Mitte,#C56C46,-0.0552763819095478,-0.0954773869346733,0,-0.0517174046704814,-0.0898726333765798,0.17223539267346,0.311330481701831,-178.170128727692
2384,SVP,#4F7942,0.92964824120603,-0.21608040201005,0,0.871456515215637,-0.236640055703738,0.182139517287632,0.325662285826191,179.910498402454
2420,EVP,#FFA500,-0.437185929648241,-0.326633165829146,0,-0.442064598678992,-0.29647295537322,0.191440754005284,0.329919953563364,-175.351198744011
2421,Die Mitte,#C56C46,-0.14572864321608,0.457286432160804,0,-0.16152711927841,0.471664329554982,0.173875297966859,0.327743482522127,-177.422717177749
2447,EVP,#FFA500,-0.35678391959799,-0.0954773869346733,0,-0.360732234144226,-0.089569007724164,0.189099782218914,0.301056124837941,-174.650679865375
2475,Die Mitte,#C56C46,-0.175879396984925,0.035175879396985,0,-0.168412431106453,0.0135104477114251,0.178435814446786,0.314134144666957,-177.22570957256
2481,Grüne,#008000,-0.85929648241206,-0.366834170854271,0,-0.832461535491491,-0.359123124164156,0.209048179966447,0.354703431407814,177.790720085592
2482,FDP,#0000FF,0.366834170854271,0.276381909547739,0,0.379182481878837,0.307449483881748,0.196708741143131,0.345761924484643,173.960445848897
2498,GLP,#32CD32,-0.42713567839196,0.266331658291457,0,-0.449117426211067,0.278697602865276,0.192243878902102,0.339863320591835,-167.850389705504
2505,Grüne,#008000,-0.175879396984925,0.085427135678392,0,-0.175120993216941,0.0825995066898275,0.178491300179987,0.338901109593929,-179.429468932546
2547,FDP,#0000FF,0.35678391959799,0.246231155778895,0,0.377396074849838,0.278626763825741,0.181231735977859,0.314231679949913,172.857834966534
2548,GLP,#32CD32,-0.477386934673367,0.42713567839196,0,-0.488799300827177,0.450085890781112,0.198678617746614,0.345909654142848,-167.203185111632
2551,Die Mitte,#C56C46,-0.0653266331658291,-0.00502512562814073,0,-0.0568398670581047,-0.00770134211236002,0.168499073159769,0.298391547536954,178.833948970987
2553,GLP,#32CD32,-0.437185929648241,0.276381909547739,0,-0.46386771359709,0.283477115043966,0.192702910612989,0.34323838469114,-167.669893504308
2566,SVP,#4F7942,0.517587939698493,-0.376884422110553,0,0.52643912199107,-0.373299075384759,0.222740451959661,0.296533358080893,-178.34781021122
2568,GLP,#32CD32,-0.366834170854271,0.326633165829146,0,-0.366011730007044,0.32320572674235,0.18436737833079,0.32380787804875,-174.624720346636
2593,SP,#FF0000,-0.869346733668342,-0.14572864321608,0,-0.833267673193003,-0.144558397788319,0.213272992642033,0.348487016742559,-177.985446253828
2596,SVP,#4F7942,0.748743718592965,-0.135678391959799,0,0.761226825131883,-0.138797597414989,0.230591190500663,0.309627396705462,173.335294241181
2601,SP,#FF0000,-0.457286432160804,0.0653266331658291,0,-0.499995404422517,0.0695030736574426,0.233453529081163,0.346933205465314,-173.257811559375
2609,FDP,#0000FF,0.386934673366834,0.336683417085427,0,0.413622160278554,0.361868249505715,0.219158152088044,0.34438840559054,172.651334144436
2630,GLP,#32CD32,-0.417085427135678,0.577889447236181,0,-0.417594576393364,0.599307965046315,0.193938436195516,0.341066611283437,-170.334893417752
2633,GLP,#32CD32,-0.236180904522613,0.537688442211055,0,-0.240172331162313,0.546410700073509,0.176722960846026,0.334954281002154,-174.170059890894
2640,EVP,#FFA500,-0.417085427135678,-0.0150753768844221,0,-0.416643117738283,-0.023627711098788,0.191488909840284,0.296999013399973,-172.493702974557
2650,SP,#FF0000,-0.899497487437186,-0.185929648241206,0,-0.85114567379874,-0.190434934179868,0.199377609991094,0.346467333016706,-178.791906276011
2654,GLP,#32CD32,-0.477386934673367,0.437185929648241,0,-0.485544230723936,0.451515215772673,0.208198918942056,0.34618108986857,-165.840287053126
2656,FDP,#0000FF,0.115577889447236,0.336683417085427,0,0.125142329870265,0.340168001824665,0.185443257715419,0.345025694367574,-179.927456697342
2661,SP,#FF0000,-0.849246231155779,-0.28643216080402,0,-0.826670549441566,-0.287608876281686,0.212609652039052,0.345295268407484,179.44410752481
2665,Grüne,#008000,-0.386934673366834,-0.0653266331658291,0,-0.394321161647119,-0.0694000814490162,0.187690110035956,0.300834583971431,-176.942557010663
2678,Grüne,#008000,-0.748743718592965,-0.0753768844221106,0,-0.758370640919375,-0.0810059331935591,0.235462611051891,0.347613532915379,-171.226100515727
2696,SVP,#4F7942,0.809045226130653,-0.296482412060301,0,0.811858889838104,-0.307343247923483,0.213706522813729,0.328288974809185,-178.096086417969
2707,SVP,#4F7942,0.597989949748744,-0.306532663316583,0,0.62040273205663,-0.272408509095536,0.230179664216543,0.299166290648382,178.774983692174
2709,Die Mitte,#C56C46,-0.206030150753769,0.035175879396985,0,-0.212368419357502,0.0380928352111397,0.178310020215131,0.291535364605228,-176.223801767534
2710,EVP,#FFA500,-0.085427135678392,-0.14572864321608,0,-0.0869415522276828,-0.143728047672576,0.168458416885964,0.296849450883322,179.777984778072
2715,Grüne,#008000,-0.628140703517588,-0.226130653266332,0,-0.667934790351176,-0.240390509337163,0.240854750456788,0.341504403051454,175.283247419114
2754,Grüne,#008000,-0.809045226130653,-0.155778894472362,0,-0.80935160949133,-0.181193551117862,0.22057637865203,0.359235970561963,-179.023263437705
2755,Die Mitte,#C56C46,-0.0753768844221106,0.165829145728643,0,-0.0692875191015435,0.200263565936291,0.189568570474433,0.316086267070231,-178.709472761363
2756,GLP,#32CD32,-0.366834170854271,0.306532663316583,0,-0.362383986938073,0.314131253446676,0.189883311653862,0.344817263047902,-175.570979799432
2759,Die Mitte,#C56C46,0.206030150753769,0.336683417085427,0,0.205905918576212,0.336490241660862,0.205410304204328,0.358707776203845,-175.750773642212
2761,GLP,#32CD32,-0.346733668341709,0.0552763819095476,0,-0.35153644620263,0.0723681703070633,0.190981642596231,0.317339425180177,-177.308563217729
2762,SVP,#4F7942,0.577889447236181,-0.296482412060301,0,0.585717543219029,-0.235491727702663,0.223010186868678,0.305333200650174,175.72042051827
2776,Die Mitte,#C56C46,-0.00502512562814073,0.125628140703518,0,-0.00121001592667293,0.147543620811165,0.170742708350604,0.305059411300395,-177.58100734789
2785,FDP,#0000FF,0.477386934673367,0.236180904522613,0,0.49604159618604,0.265450303189761,0.214717422755155,0.331612188464347,173.356571426572
2832,EVP,#FFA500,-0.256281407035176,0.246231155778895,0,-0.27053148362717,0.242992722917352,0.187665353288515,0.341908055559456,-179.898910292524
2843,GLP,#32CD32,-0.467336683417085,0.437185929648241,0,-0.477577396273348,0.431907185963058,0.199146426889315,0.367659367129978,-173.977276053367
2847,GLP,#32CD32,-0.21608040201005,0.00502512562814061,0,-0.219965094473539,-0.00659923234014108,0.17782210708654,0.304989756312097,-174.764785217304
2867,FDP,#0000FF,0.35678391959799,0.316582914572864,0,0.373660452123142,0.34445618656896,0.214677280198101,0.370404923572238,176.145608553309
2869,Grüne,#008000,-0.608040201005025,-0.206030150753769,0,-0.637827703966611,-0.198144928473117,0.241500126735621,0.3351463023316,-178.430961637971
2879,FDP,#0000FF,0.396984924623116,-0.125628140703518,0,0.434087560896346,-0.107647636232107,0.214585556774,0.326957278456402,174.29858942637
2894,Grüne,#008000,-0.587939698492462,-0.296482412060301,0,-0.605819879373349,-0.288048169660473,0.221983423363802,0.323522215502092,177.107757872073
2899,GLP,#32CD32,-0.386934673366834,0.547738693467337,0,-0.397806766025427,0.562495738100547,0.179764775075676,0.338811955822544,-170.964326584368
2907,GLP,#32CD32,-0.366834170854271,0.0150753768844221,0,-0.368589661835001,-0.00153917119734945,0.186542914055289,0.311328918557425,-175.886969482859
2910,FDP,#0000FF,0.477386934673367,0.21608040201005,0,0.494270845075761,0.249249059873418,0.210202791133341,0.333008915086886,169.349653962753
2940,EVP,#FFA500,-0.125628140703518,-0.0150753768844221,0,-0.127931103307355,-0.0104965096029815,0.167650480749798,0.296001821580292,-175.131786560873
2941,Die Mitte,#C56C46,-0.135678391959799,0.115577889447236,0,-0.131463945649654,0.116814946598458,0.17546348969956,0.317034062769115,-178.263386763156
2943,EVP,#FFA500,-0.306532663316583,-0.0653266331658291,0,-0.301316626845102,-0.0354672003296982,0.179678411122015,0.293109988480564,-175.094086150528
2968,GLP,#32CD32,-0.155778894472362,0.587939698492462,0,-0.166417224429592,0.582273792119446,0.175684255631829,0.344840721884461,-175.514160883966
2980,SP,#FF0000,-0.758793969849246,-0.105527638190955,0,-0.757281380997269,-0.119354422570568,0.236769740987934,0.332050243965813,-172.374958251679
2986,SP,#FF0000,-0.748743718592965,-0.115577889447236,0,-0.75346629490239,-0.139216777182326,0.241364581560241,0.374391851426796,179.788562015364
3008,SP,#FF0000,-0.849246231155779,-0.135678391959799,0,-0.823200079653071,-0.156278495540551,0.214577829041375,0.338255851568561,-178.105428020307
3025,SVP,#4F7942,0.768844221105528,-0.226130653266332,0,0.767050777043338,-0.221467043817961,0.233020589082596,0.326662445057643,177.182454888336
3037,EVP,#FFA500,-0.125628140703518,-0.517587939698493,0,-0.121408539819418,-0.570439797363966,0.179341902315631,0.312454273619934,-176.144855619644
3039,SVP,#4F7942,0.678391959798995,-0.236180904522613,0,0.699190236512716,-0.234193575716264,0.247596954920668,0.326772945353417,174.248100930592
3041,EVP,#FFA500,-0.085427135678392,-0.266331658291457,0,-0.0797078380061148,-0.270112645161203,0.166185229788162,0.287228985434125,179.8818866303
3052,Die Mitte,#C56C46,-0.0653266331658291,0.0552763819095476,0,-0.0635455334177208,0.033560127793394,0.153295156273969,0.279094999238161,-176.289056385409
3054,SVP,#4F7942,0.587939698492462,-0.326633165829146,0,0.601391536657482,-0.314170928205783,0.222115525108512,0.289457211393694,176.63252547147
3059,SP,#FF0000,-0.768844221105528,-0.125628140703518,0,-0.779149463233006,-0.144125228974841,0.236053248577864,0.3357350560529,-173.9143120889
3063,SP,#FF0000,-0.648241206030151,-0.185929648241206,0,-0.692522915373428,-0.189973027542631,0.242532127913788,0.340482363029995,-168.747699813575
3064,SP,#FF0000,-0.869346733668342,-0.155778894472362,0,-0.834653727289414,-0.181821321277557,0.209125391572283,0.346819138372806,-178.494677184866
3080,SP,#FF0000,-0.758793969849246,-0.155778894472362,0,-0.768676352819097,-0.170779550040128,0.231060316094699,0.336860546575979,-178.556188795657
3084,EVP,#FFA500,-0.618090452261307,0.0653266331658291,0,-0.649388667341122,0.0785611962598806,0.241560139046592,0.362730186993438,-171.240640062995
3089,FDP,#0000FF,0.447236180904523,0.417085427135678,0,0.440719528013174,0.436924812947571,0.197553993958925,0.349432706392788,172.835793747142
3095,SP,#FF0000,-0.829145728643216,-0.125628140703518,0,-0.811123372368391,-0.140529906985676,0.220634605597846,0.355970362242278,-176.994659940168
3106,Die Mitte,#C56C46,-0.266331658291457,0.115577889447236,0,-0.270442635311445,0.107620423343362,0.181311305172562,0.318327332038042,-172.131444066863
3113,SP,#FF0000,-0.768844221105528,-0.105527638190955,0,-0.776595487095469,-0.11503254759618,0.234901377109319,0.358110446217465,-175.617398602205
3124,SP,#FF0000,-0.527638190954774,-0.165829145728643,0,-0.533417858466198,-0.172535171983765,0.215727158559238,0.316028003369058,179.317858461645
3128,SVP,#4F7942,0.738693467336683,-0.185929648241206,0,0.741031856572079,-0.182223012318398,0.229308860656843,0.317754838182716,172.616547163509
3134,GLP,#32CD32,-0.165829145728643,0.256281407035176,0,-0.178980060909825,0.253862944908463,0.17488375450419,0.322266277470035,-174.473639250662
3139,Die Mitte,#C56C46,0.0653266331658291,0.0753768844221106,0,0.0606669580184786,0.0953050589110931,0.180015242888749,0.316292057416175,-179.778907009259
3158,Die Mitte,#C56C46,0.035175879396985,0.256281407035176,0,0.0558742434941101,0.248891215880878,0.174327072861349,0.306171042446845,-179.184990155895
3161,SP,#FF0000,-0.758793969849246,-0.085427135678392,0,-0.762825753822661,-0.0568245446885261,0.23882109909772,0.349379205969008,-175.713842719542
3188,SP,#FF0000,-0.708542713567839,-0.125628140703518,0,-0.721829439248558,-0.112984676558391,0.233178552056585,0.339863823931856,-170.899707155209
3200,SP,#FF0000,-0.85929648241206,-0.125628140703518,0,-0.833092961439753,-0.131354786792814,0.208956491795694,0.344234462700535,-175.123160528105
3204,Die Mitte,#C56C46,-0.0753768844221106,0.00502512562814061,0,-0.0864446402293534,0.0300158904652852,0.168076353166128,0.306294825635202,-178.05163593448
3214,SP,#FF0000,-0.778894472361809,-0.155778894472362,0,-0.780869590099278,-0.181586348343409,0.228685784327651,0.343494230475814,-172.133629300367
3228,EVP,#FFA500,-0.366834170854271,-0.0653266331658291,0,-0.387589356272216,-0.0565729380268935,0.19438202790613,0.328975142308122,-169.609492469684
3235,SVP,#4F7942,0.577889447236181,-0.42713567839196,0,0.588118907940484,-0.441361048806774,0.236173219613912,0.309658004685732,-173.224101809227
3244,FDP,#0000FF,0.306532663316583,0.35678391959799,0,0.310263116374437,0.383009937909362,0.196968021705243,0.340537910389706,179.616505421661
3248,GLP,#32CD32,-0.376884422110553,0.396984924623116,0,-0.386198813346894,0.422356762967003,0.186719632364581,0.330737882902048,-174.070196341037
3260,SVP,#4F7942,0.809045226130653,-0.0552763819095478,0,0.805931159521797,-0.0518386038634098,0.216298400934231,0.322938281017049,172.882942609771
3266,Die Mitte,#C56C46,-0.035175879396985,0.035175879396985,0,-0.0202735358680464,0.054685054574074,0.161140320182151,0.309780316628289,-178.547642052155
3273,SP,#FF0000,-0.718592964824121,-0.085427135678392,0,-0.733557497937221,-0.0733596782852947,0.237654878669031,0.318639262198537,-168.833221462171
3285,Die Mitte,#C56C46,-0.206030150753769,0.115577889447236,0,-0.205552413467721,0.125374957333941,0.179855567672941,0.300717103204951,-173.863069791703
3293,GLP,#32CD32,-0.336683417085427,0.557788944723618,0,-0.322123298176287,0.577135224164712,0.176159006404044,0.33204385524321,-172.992211886304
3300,SP,#FF0000,-0.839195979899498,-0.206030150753769,0,-0.815954218512452,-0.222938151395261,0.218703889868252,0.341478021544309,-178.856802934688
3301,SP,#FF0000,-0.728643216080402,-0.0954773869346733,0,-0.745986779481543,-0.0960054626229287,0.239873521593285,0.342856245628992,-173.395489959888
3310,Grüne,#008000,-0.638190954773869,-0.0753768844221106,0,-0.668207265589795,-0.0635291169012106,0.236926524239888,0.335938977966929,-166.330512558029
3316,GLP,#32CD32,-0.206030150753769,-0.00502512562814073,0,-0.224372441794139,-0.0151594019078985,0.17636249222381,0.299874172662652,-174.686595802768
3326,EVP,#FFA500,-0.0150753768844221,0.035175879396985,0,-0.00393338436690461,0.0187791023033347,0.164602368350961,0.285659732614712,-176.20177772158
3330,SP,#FF0000,-0.688442211055276,-0.00502512562814073,0,-0.718255105932061,-0.0159399540192127,0.246474368553769,0.341543455102965,-168.475604953414
3349,SVP,#4F7942,0.798994974874372,-0.185929648241206,0,0.795710991503808,-0.17443151248676,0.22411020354543,0.3248192422559,177.160626487992
3365,Grüne,#008000,-0.437185929648241,0.0452261306532664,0,-0.457597366673775,0.0574437497778958,0.195533627586432,0.356909535568177,-175.590146046923
3367,GLP,#32CD32,-0.266331658291457,0.527638190954774,0,-0.296183603356524,0.545721210102307,0.169827370243038,0.330502039100654,-171.637352632857
3373,FDP,#0000FF,0.206030150753769,0.5678391959799,0,0.216093802140654,0.57304609101673,0.185743563392781,0.342195146315685,177.555334945413
3375,Grüne,#008000,-0.105527638190955,0.105527638190955,0,-0.105987446046929,0.0858466753470018,0.169088578622683,0.303052438709258,-175.807884524919
3376,SP,#FF0000,-0.668341708542714,-0.035175879396985,0,-0.691388646379797,-0.00577216756021604,0.248290252303565,0.346573587004862,-164.59204267502
3406,EVP,#FFA500,-0.366834170854271,-0.0552763819095478,0,-0.377379897299819,-0.0568588046155033,0.176257668657919,0.313372046936966,-175.98097680346
3424,SP,#FF0000,-0.618090452261307,0.0452261306532664,0,-0.638815762644866,0.0566497588278673,0.231302168426528,0.336654163758666,-166.88304741876
3440,GLP,#32CD32,-0.336683417085427,0.165829145728643,0,-0.327047359791377,0.147218405741366,0.175072645853064,0.319991624190189,-172.211918805287
3448,GLP,#32CD32,-0.226130653266332,0.035175879396985,0,-0.239524192671727,0.0414276444935802,0.186450672205581,0.300955388211083,-174.323476270264
3469,GLP,#32CD32,-0.206030150753769,0.467336683417085,0,-0.230532065397872,0.485276897994433,0.188472363417893,0.343491849783162,-172.727776274236
3474,SP,#FF0000,-0.547738693467337,-0.035175879396985,0,-0.547254006600059,-0.00839071104133713,0.216888396462094,0.328021624555984,-170.856837428023
3493,GLP,#32CD32,-0.35678391959799,0.537688442211055,0,-0.352307832061117,0.566196137264597,0.181584946113164,0.336410780431377,-172.90523729205
3494,Grüne,#008000,-0.728643216080402,-0.316582914572864,0,-0.756121384020776,-0.33338252282963,0.231956279561337,0.342081293897623,179.462861599356
3500,GLP,#32CD32,-0.28643216080402,0.42713567839196,0,-0.288859662777324,0.443791204308272,0.173453872824144,0.334957712108559,-173.690542855411
3503,SP,#FF0000,-0.346733668341709,-0.0552763819095478,0,-0.355259971857554,-0.0431709826565041,0.187019854985453,0.295687633348065,-175.173256982401
3529,GLP,#32CD32,-0.487437185929648,0.587939698492462,0,-0.49224931101638,0.586731984528092,0.193652758856599,0.336007777217154,-170.105580573613
3532,Die Mitte,#C56C46,-0.0954773869346733,0.165829145728643,0,-0.0872769591356088,0.176738509768107,0.167551600056427,0.312416332868673,-173.292106358119
3565,Grüne,#008000,-0.85929648241206,-0.246231155778894,0,-0.835913907493804,-0.254911138354063,0.20730556590437,0.361469348062902,-179.004539045239
3572,SP,#FF0000,-0.738693467336683,-0.246231155778894,0,-0.757981444290647,-0.243015218981696,0.242006378944417,0.365651033585891,-178.094635205344
3581,FDP,#0000FF,0.507537688442211,0.417085427135678,0,0.525059232790592,0.443214241133681,0.220379300960953,0.357238024989481,170.126527030386
3585,GLP,#32CD32,-0.0150753768844221,0.587939698492462,0,-0.0217165504795265,0.596074973454339,0.183418287771561,0.345201454812038,178.686902050112
3592,GLP,#32CD32,-0.376884422110553,0.417085427135678,0,-0.38601361453827,0.430689954074978,0.189271349432684,0.353626089704635,-172.03573881542
3593,Grüne,#008000,-0.537688442211055,-0.085427135678392,0,-0.541327595000905,-0.12409308682357,0.228447914722425,0.33417751813567,-176.399002681389
3596,Die Mitte,#C56C46,-0.266331658291457,0.0251256281407035,0,-0.290595353640067,0.0462668664136413,0.189269102021552,0.311559008131777,-177.915735605501
3604,EVP,#FFA500,-0.105527638190955,-0.0954773869346733,0,-0.110395170176505,-0.107064645620617,0.172246337473408,0.313268662343737,178.269642571358
3608,Grüne,#008000,-0.688442211055276,0.175879396984925,0,-0.718711999811238,0.187341388774725,0.237466821079335,0.349217883895606,-166.561016580315
3645,GLP,#32CD32,-0.296482412060301,0.537688442211055,0,-0.31079393851981,0.558354928615448,0.18066417159758,0.328025168671772,-173.592204164232
3647,GLP,#32CD32,-0.366834170854271,0.517587939698493,0,-0.389508154116094,0.509885078634483,0.208680441019637,0.351582277381792,-171.288536943116
3649,SVP,#4F7942,0.49748743718593,-0.557788944723618,0,0.516206509829398,-0.559323604971899,0.229380257102475,0.313161332422041,-174.164715289041
3656,Die Mitte,#C56C46,-0.165829145728643,-0.135678391959799,0,-0.173484604306447,-0.125033810116657,0.167566558560393,0.318287266480741,179.958109883004
3665,GLP,#32CD32,-0.246231155778894,0.507537688442211,0,-0.264869188313255,0.495541170735434,0.17624067622403,0.336291503117672,-174.223558408496
3666,Die Mitte,#C56C46,-0.0452261306532663,0.0954773869346735,0,-0.0382221189101747,0.120907027009558,0.174112441896717,0.307965263421788,179.004321994372
3682,Die Mitte,#C56C46,-0.0753768844221106,-0.487437185929648,0,-0.0740932174000933,-0.49459199133219,0.174734351308088,0.291936738156661,-175.326098363859
3694,GLP,#32CD32,-0.125628140703518,0.417085427135678,0,-0.129821025315378,0.457080022855766,0.175875489829373,0.341957219919404,-173.665048326996
3701,Die Mitte,#C56C46,-0.0653266331658291,0.0452261306532664,0,-0.0564899358908023,0.0540079161854838,0.170069250488754,0.307639443530963,-178.490781446374
3706,GLP,#32CD32,-0.35678391959799,0.49748743718593,0,-0.374750739834626,0.499796457614347,0.179900354727129,0.336930241337774,-172.321807466695
3709,EVP,#FFA500,-0.608040201005025,0.035175879396985,0,-0.623143529331844,0.0466074038590872,0.226449187077272,0.334230489096404,-166.531565508359
3719,GLP,#32CD32,-0.376884422110553,0.547738693467337,0,-0.376442204772766,0.552815785883882,0.186283281115236,0.343628127489373,-173.274665638209
3720,Die Mitte,#C56C46,-0.0552763819095478,0.0954773869346735,0,-0.036119291644686,0.119783301728645,0.167283831421852,0.297578964376194,-173.839464952193
3749,EVP,#FFA500,-0.326633165829146,0.256281407035176,0,-0.334784196629502,0.275620938720582,0.188155081888336,0.323679282284457,-169.961784577454
3755,SVP,#4F7942,0.376884422110553,-0.306532663316583,0,0.382662790891106,-0.299166372248298,0.203145870673924,0.297790960894814,-173.713767262698
3758,Grüne,#008000,-0.758793969849246,-0.175879396984925,0,-0.767435398198982,-0.183259690731878,0.237735209391629,0.365800087260216,-177.850679747933
3760,Grüne,#008000,-0.226130653266332,-0.226130653266332,0,-0.230244012238546,-0.232312703618738,0.173998910924919,0.286497075164288,-178.90010234565
3786,Grüne,#008000,-0.78894472361809,-0.0552763819095478,0,-0.784691564421904,-0.0684089785425973,0.237436731489701,0.350180795069334,-174.466200261929
3798,GLP,#32CD32,-0.206030150753769,0.135678391959799,0,-0.206576826607635,0.142746825722189,0.172964163980007,0.341627855117681,-176.346830672745
3829,Grüne,#008000,-0.819095477386935,-0.306532663316583,0,-0.807686536069329,-0.315445689523629,0.222788000266232,0.354597305794605,178.868419013583
3846,Grüne,#008000,-0.447236180904523,0.28643216080402,0,-0.450032501434968,0.312469379691959,0.19738464998217,0.337221549778198,-167.352758547195
3863,Die Mitte,#C56C46,-0.085427135678392,0.14572864321608,0,-0.0807363289873187,0.152516141085788,0.181489433350246,0.306805638200578,-175.140407149999
3885,SVP,#4F7942,0.376884422110553,-0.0753768844221106,0,0.376149576386825,-0.0904492342232368,0.191762756292632,0.333789263051285,174.422501970371
3898,SVP,#4F7942,0.778894472361809,-0.266331658291457,0,0.785791957453472,-0.274989662785098,0.229828479068837,0.32728649174335,-179.066525851676
3900,FDP,#0000FF,-0.0452261306532663,0.447236180904523,0,-0.0361836893443488,0.470609505634333,0.176478587272309,0.334950081956112,-176.780706872222
3932,SP,#FF0000,-0.698492462311558,-0.0150753768844221,0,-0.719006921563907,-0.00545114403211929,0.231407775414939,0.338701863820587,-166.423360703022
3934,Die Mitte,#C56C46,-0.0552763819095478,0.135678391959799,0,-0.0384163803800938,0.145552335417608,0.185806997889105,0.30479530384541,-177.939393539551
3961,GLP,#32CD32,-0.226130653266332,0.396984924623116,0,-0.222675716762694,0.405048254726365,0.168376777850437,0.338832661084054,-176.221486177117
3967,SP,#FF0000,-0.809045226130653,-0.195979899497487,0,-0.793728130998374,-0.197679958130137,0.225492049035308,0.337391433828314,-177.242193970469
3974,SVP,#4F7942,0.718592964824121,-0.346733668341709,0,0.738172339419229,-0.386538596166542,0.22568379669029,0.324099791085862,-172.378031426034
3975,Grüne,#008000,-0.718592964824121,-0.195979899497487,0,-0.740251606520201,-0.202036022941473,0.241846355380943,0.340731378587437,178.748656894872
4000,Die Mitte,#C56C46,-0.316582914572864,-0.0653266331658291,0,-0.32446783815561,-0.0306556869427607,0.175845303416159,0.306519698867664,-174.775890449957
4003,Die Mitte,#C56C46,-0.0753768844221106,0.0452261306532664,0,-0.0931808191020861,0.0387688298874716,0.178782604739078,0.307008986920299,-179.691752035547
4012,SVP,#4F7942,0.537688442211055,-0.0954773869346733,0,0.547093654044594,-0.0978333449435545,0.230288303346104,0.33566195221174,175.237277381561
4025,EVP,#FFA500,-0.0452261306532663,-0.226130653266332,0,-0.0522904307191181,-0.222129288221,0.176642548715303,0.303554315194327,-178.182867122015
4030,Die Mitte,#C56C46,-0.165829145728643,0.0653266331658291,0,-0.169628012197348,0.0812134998978834,0.170705239195687,0.291709117478591,-175.077192670416
4049,SP,#FF0000,-0.708542713567839,-0.226130653266332,0,-0.720164164952887,-0.223306776080911,0.239783639135714,0.339968965098015,-178.543995540448
4083,GLP,#32CD32,-0.28643216080402,0.0150753768844221,0,-0.293996569552157,0.0143025434646716,0.197191645566152,0.321979409693102,-176.880739921719
4099,SVP,#4F7942,0.537688442211055,-0.0251256281407035,0,0.544668668625096,-0.0113633876666185,0.214793766838704,0.325307595052172,176.180588393735
4100,SP,#FF0000,-0.618090452261307,-0.135678391959799,0,-0.643317009753351,-0.122116817952614,0.231998005434789,0.327850198364632,-175.959572644376
4120,GLP,#32CD32,-0.125628140703518,0.316582914572864,0,-0.110007080442936,0.32735701254911,0.167864230184004,0.331181398588816,-175.037528513874
4122,SVP,#4F7942,0.668341708542714,-0.256281407035176,0,0.677789132557668,-0.252671786446843,0.251789645075452,0.311736217333627,175.675098810353
4127,Die Mitte,#C56C46,-0.14572864321608,0.296482412060302,0,-0.145507498378548,0.28092214103537,0.167388257231578,0.324480807606086,-175.392321467506
4146,SP,#FF0000,-0.748743718592965,0.175879396984925,0,-0.755960387646433,0.18394006593369,0.227183489137764,0.349665175985667,-167.339757380488
4149,SVP,#4F7942,0.457286432160804,-0.527638190954774,0,0.472437789013919,-0.523723427245885,0.221401845170567,0.304720235362008,178.966798692456
4156,SVP,#4F7942,0.718592964824121,-0.226130653266332,0,0.731687123446715,-0.260607486574608,0.241331202556706,0.335039170158816,179.952148874161
4164,GLP,#32CD32,-0.326633165829146,0.5678391959799,0,-0.32082102808463,0.574021964692433,0.178628923244938,0.342186524465718,-173.065070344002
4179,SP,#FF0000,-0.819095477386935,-0.115577889447236,0,-0.809534315623075,-0.11971848351837,0.221423948117721,0.343001527059734,-174.126411285567
4183,SP,#FF0000,-0.819095477386935,-0.276381909547739,0,-0.808561528991748,-0.275200265778517,0.222129742876352,0.357512266906475,-179.488269288852
4184,GLP,#32CD32,-0.517587939698493,0.316582914572864,0,-0.540776514874167,0.320641361419099,0.199740868162252,0.337020933008064,-162.9736326302
4226,FDP,#0000FF,0.0954773869346735,0.135678391959799,0,0.112369366931971,0.111909115926583,0.190782848237539,0.316917954891511,-174.875683671751
4249,Grüne,#008000,-0.175879396984925,-0.21608040201005,0,-0.186711090150384,-0.206685080187297,0.17600234607581,0.313936872415826,179.533723372687
4257,GLP,#32CD32,-0.527638190954774,0.266331658291457,0,-0.570783425302175,0.271288240651388,0.225269625257923,0.35834404972365,-168.995694889688
4299,Die Mitte,#C56C46,-0.226130653266332,0.035175879396985,0,-0.238493657791764,0.053893418272209,0.178358201416304,0.305423138822124,-177.035866696759
4316,Die Mitte,#C56C46,-0.185929648241206,0.236180904522613,0,-0.202717374290617,0.265686261648247,0.179465392157592,0.341773940496861,-178.942593191694
4319,FDP,#0000FF,0.35678391959799,0.195979899497488,0,0.372763177238085,0.26182849635702,0.193574444563744,0.334841737273219,176.58795681557
4322,Die Mitte,#C56C46,-0.336683417085427,0.125628140703518,0,-0.336461645621626,0.120021622944238,0.186937952844723,0.343447109744355,-171.711327831749
4324,GLP,#32CD32,-0.125628140703518,0.206030150753769,0,-0.134062063282458,0.250765909030127,0.170253336377458,0.322545631857533,-175.318488988743
4325,Die Mitte,#C56C46,-0.14572864321608,0.236180904522613,0,-0.153449186899086,0.262193365492084,0.171174653188704,0.309276594699071,-174.449607385228
4359,SVP,#4F7942,0.326633165829146,-0.457286432160804,0,0.33349740685978,-0.463393419719641,0.185534110776479,0.288890270887061,-174.70126139227
4368,GLP,#32CD32,-0.14572864321608,0.597989949748744,0,-0.14086107003636,0.597833156894707,0.172452021330047,0.343142876746186,-176.086460980395
4371,Grüne,#008000,-0.658291457286432,-0.226130653266332,0,-0.68144787286754,-0.21437407352987,0.241156328945934,0.352039439851054,-169.224599381107
4396,Grüne,#008000,-0.608040201005025,-0.0753768844221106,0,-0.642797020992384,-0.043904491173992,0.239829632048066,0.362482198680549,-170.596953933669
4412,GLP,#32CD32,-0.346733668341709,0.527638190954774,0,-0.330543465141516,0.528494817879948,0.168182366170627,0.339117251181451,-172.421193879149
4417,SP,#FF0000,-0.819095477386935,-0.175879396984925,0,-0.803852146566202,-0.166514838576919,0.22334504178972,0.344012546697522,-176.311059950531
4444,SP,#FF0000,-0.738693467336683,-0.0954773869346733,0,-0.747878843976746,-0.0714019998595395,0.232167662376611,0.332104507990058,-168.95605156272
4454,EVP,#FFA500,-0.256281407035176,-0.0954773869346733,0,-0.261260258221415,-0.0608817192848729,0.167176536885578,0.302063184024151,-176.269491686793
4455,EVP,#FFA500,-0.14572864321608,0.165829145728643,0,-0.168259716772015,0.198618986655567,0.167051549680809,0.308669183877362,-175.725175490934
4456,FDP,#0000FF,0.366834170854271,0.547738693467337,0,0.376043881861982,0.566618580860484,0.214198143935687,0.356122036722144,176.862708988172
4459,Grüne,#008000,-0.668341708542714,-0.296482412060301,0,-0.696757122533979,-0.261901685869822,0.237925889207666,0.368012472471084,-177.770951280527
4463,SVP,#4F7942,0.0653266331658291,-0.336683417085427,0,0.0610983167155708,-0.344848694187723,0.170968818480522,0.278437033267511,-177.433792819475
4475,SVP,#4F7942,0.728643216080402,-0.316582914572864,0,0.732861437084072,-0.331327341978535,0.228088114709984,0.317466976395605,178.902792067454
4488,EVP,#FFA500,-0.175879396984925,-0.437185929648241,0,-0.193227820946743,-0.466459096499969,0.167242943721499,0.277841859532778,-179.548103609095
4489,Die Mitte,#C56C46,-0.0150753768844221,-0.175879396984925,0,-0.0105323844081454,-0.183309042205497,0.168977786157497,0.291146095919861,179.440182436858
4500,Grüne,#008000,-0.728643216080402,-0.206030150753769,0,-0.74657670509246,-0.209016050005199,0.240868060045839,0.355411424823519,-178.352706483688
4504,SP,#FF0000,-0.728643216080402,-0.105527638190955,0,-0.742435650712422,-0.0852358360176999,0.235570969802192,0.345494219155779,-170.094391225321
4538,Grüne,#008000,-0.819095477386935,-0.256281407035176,0,-0.815778490003108,-0.265663594853505,0.218593733238661,0.353382297622395,-178.434949114307
4539,GLP,#32CD32,-0.236180904522613,0.417085427135678,0,-0.252402354580647,0.425818709759535,0.170426369900581,0.351520170110277,-173.170858147363
4554,SVP,#4F7942,0.537688442211055,-0.175879396984925,0,0.564004949014965,-0.157012569500752,0.225766816420753,0.332813689489489,168.259673674619
4557,Die Mitte,#C56C46,-0.035175879396985,0.0954773869346735,0,-0.0252525587866734,0.0992204871593544,0.176709494459733,0.314397242393667,-176.602795940005
4571,EVP,#FFA500,-0.206030150753769,-0.21608040201005,0,-0.204030664870842,-0.184097438971949,0.188392287195469,0.300104595463475,-177.222830171352
4611,GLP,#32CD32,-0.21608040201005,0.35678391959799,0,-0.220305477052445,0.363028955182862,0.18263068939913,0.339728924611182,-174.710318543493
4617,GLP,#32CD32,-0.477386934673367,0.517587939698493,0,-0.480649484569259,0.5266312433366,0.192366749699394,0.341886418785641,-168.810790487291
4622,Die Mitte,#C56C46,-0.115577889447236,0.0251256281407035,0,-0.131038666437609,0.0639448239430242,0.178009935063978,0.306147160151901,-174.702972954209
4627,EVP,#FFA500,-0.276381909547739,-0.0552763819095478,0,-0.29284490508675,-0.0511790652216215,0.191664999860682,0.307191450360576,-176.949523686283
4639,Grüne,#008000,-0.597989949748744,-0.256281407035176,0,-0.6145293264821,-0.25267865637853,0.23245730255157,0.328868232503798,-175.066493521738
4643,SVP,#4F7942,0.527638190954774,-0.457286432160804,0,0.559056226499958,-0.447170191506239,0.234007529650993,0.304500116020503,179.696044162605
4651,Grüne,#008000,-0.85929648241206,-0.14572864321608,0,-0.825567537552188,-0.167663887464243,0.213796979870864,0.347453529768182,-176.848384275575
4655,Die Mitte,#C56C46,0.125628140703518,-0.085427135678392,0,0.115468768092033,-0.0891347397345916,0.195487822472478,0.306295456546872,-173.748690832828
4662,Grüne,#008000,-0.819095477386935,-0.366834170854271,0,-0.80928076853764,-0.362792076546126,0.220548152793029,0.343855692835666,177.834128451085
4663,Die Mitte,#C56C46,0.0251256281407035,0.035175879396985,0,0.0291373566019599,0.0155129151837327,0.173123443535083,0.302932652700684,-175.896888599306
4679,Grüne,#008000,-0.778894472361809,-0.296482412060301,0,-0.775360623156062,-0.299830402123232,0.239541750587297,0.363444761409422,177.909239928984
4689,Die Mitte,#C56C46,-0.0653266331658291,-0.0251256281407035,0,-0.0602376781301455,-0.00732257043186905,0.168196988095809,0.304510496561742,-177.430588186769
4696,SP,#FF0000,-0.718592964824121,-0.165829145728643,0,-0.73885054058015,-0.166163846729203,0.235680875242785,0.351544645157128,-172.456818618723
4699,GLP,#32CD32,-0.42713567839196,0.326633165829146,0,-0.460549865976569,0.35718136684609,0.198812182426047,0.339604840587712,-172.34165739893
4701,Die Mitte,#C56C46,-0.0552763819095478,-0.236180904522613,0,-0.0591247072005169,-0.228343040931809,0.168718610103616,0.293752633925646,-177.366252609738
4702,Grüne,#008000,-0.618090452261307,0.0452261306532664,0,-0.646004813182956,0.055981414233083,0.241740812458942,0.345517087324013,-168.373215416052
4703,Grüne,#008000,-0.78894472361809,-0.35678391959799,0,-0.794687081744355,-0.367341169694342,0.224493186100621,0.347398693956672,177.329778332866
4710,GLP,#32CD32,-0.42713567839196,0.396984924623116,0,-0.449860959238263,0.405128420893201,0.198505572009211,0.351549445490743,-169.121595597178
4732,EVP,#FFA500,0.0753768844221106,-0.28643216080402,0,0.0685464032980283,-0.286779511117121,0.174911525076175,0.31669159298088,-173.820767238486
4757,GLP,#32CD32,-0.376884422110553,0.407035175879397,0,-0.398725850094744,0.453072334682607,0.176756163453177,0.337092057475155,-172.182750699618
4761,GLP,#32CD32,-0.487437185929648,0.507537688442211,0,-0.503622424190237,0.507205101588188,0.197167316202388,0.347913881008304,-169.694330249839
4765,SVP,#4F7942,0.557788944723618,-0.226130653266332,0,0.570839407649274,-0.225152896690733,0.236736532786545,0.31731931574063,177.8635324909
4787,SVP,#4F7942,0.296482412060302,-0.42713567839196,0,0.295566602925794,-0.432520143567521,0.183125166300327,0.295293197100256,-178.262009700897
4796,GLP,#32CD32,-0.155778894472362,-0.195979899497487,0,-0.153136081897098,-0.190376251004273,0.187621296942063,0.309258279072793,-179.515628009662
4807,SP,#FF0000,-0.708542713567839,-0.185929648241206,0,-0.734401400143382,-0.194172174643582,0.237631940525921,0.335537920291078,-172.258194537511
4808,GLP,#32CD32,-0.206030150753769,0.49748743718593,0,-0.191052643563753,0.523187777633314,0.16884633695575,0.337020632247461,-172.914303875668
4814,Die Mitte,#C56C46,-0.35678391959799,-0.236180904522613,0,-0.358455570563918,-0.236820489905053,0.184930462081806,0.312208060923323,-175.943433558047
4858,SP,#FF0000,-0.798994974874372,-0.165829145728643,0,-0.790820324180257,-0.158294705525973,0.227004374207467,0.341098196205905,-174.621363493094
4866,SP,#FF0000,-0.487437185929648,-0.185929648241206,0,-0.528533752409644,-0.181721010140938,0.231546048941119,0.328405209710609,-171.862856562268
4883,Die Mitte,#C56C46,-0.0653266331658291,0.0150753768844221,0,-0.0582212301345436,0.0236788563508372,0.166970476198967,0.300522132469951,178.317070781925
4884,Die Mitte,#C56C46,-0.085427135678392,-0.0653266331658291,0,-0.0824548249504866,-0.0743822149778195,0.164154812911373,0.290051773010257,-178.07375247094
4885,SP,#FF0000,-0.748743718592965,-0.0150753768844221,0,-0.762476190088405,-0.0230223281251191,0.234187730563384,0.330579352546828,-170.512025272701
4897,GLP,#32CD32,-0.447236180904523,0.396984924623116,0,-0.458002673588444,0.411247234715412,0.201647542671608,0.342667653162469,-169.722400538613
4900,Die Mitte,#C56C46,-0.226130653266332,-0.226130653266332,0,-0.231166720146676,-0.223011738117898,0.175260533489767,0.292564838058211,-178.397280354795
4927,SVP,#4F7942,0.748743718592965,-0.236180904522613,0,0.753409599739363,-0.231599441499322,0.234602099829161,0.308640333778041,179.176636784509
4929,SP,#FF0000,-0.447236180904523,0.00502512562814061,0,-0.464871795811317,0.00643840925874135,0.215840107802954,0.311741775284496,-169.992308347816
4937,GLP,#32CD32,-0.42713567839196,0.577889447236181,0,-0.442315456673536,0.607305010508559,0.202795245222852,0.339053132456478,-169.227520070727
4942,GLP,#32CD32,-0.206030150753769,0.386934673366834,0,-0.214666183872008,0.367519909399516,0.173846535417196,0.321328170359873,-171.925496306796
4948,SP,#FF0000,-0.85929648241206,-0.135678391959799,0,-0.830342095720743,-0.138949127708529,0.210196082694169,0.355345943847011,-177.489482759209
4951,SP,#FF0000,-0.437185929648241,0.0552763819095476,0,-0.452378064804445,0.0538675026140396,0.215284827326399,0.318546676298757,-168.085358369387
4953,GLP,#32CD32,-0.0452261306532663,0.487437185929648,0,-0.0341527617382354,0.512359256941566,0.17569293858546,0.332653772497713,-179.637472171779
4954,Die Mitte,#C56C46,-0.035175879396985,0.125628140703518,0,-0.0214806318831957,0.141825681254189,0.16812827102464,0.302008872553075,-178.311458432316
4963,Grüne,#008000,-0.798994974874372,-0.346733668341709,0,-0.797022738222741,-0.35149874930922,0.226108627082709,0.342400304806303,176.976196088798
4965,SP,#FF0000,-0.798994974874372,-0.246231155778894,0,-0.803800951782418,-0.274294454769685,0.222259970086403,0.347796074424764,-179.407267501826
4975,Die Mitte,#C56C46,-0.14572864321608,0.14572864321608,0,-0.155056614516776,0.14192174611945,0.165032564519742,0.293908375013167,-173.03144733626
4987,EVP,#FFA500,-0.407035175879397,0.0753768844221106,0,-0.400788514953097,0.0666075877235248,0.189744313701845,0.33280039295027,-173.368603559179
4988,FDP,#0000FF,0.35678391959799,0.407035175879397,0,0.368360737569929,0.450972928226577,0.197218898024334,0.369124993639088,176.218763358461
4991,SVP,#4F7942,0.728643216080402,0.035175879396985,0,0.739167371842067,0.0451435711862987,0.234020538167485,0.341683301902564,166.625448400148
5003,GLP,#32CD32,-0.366834170854271,0.577889447236181,0,-0.355079588848974,0.578003233508534,0.178058490973897,0.342286283829803,-170.722441480315
5016,Grüne,#008000,-0.417085427135678,0.135678391959799,0,-0.429746624577553,0.149516854326573,0.199330542890395,0.329118919905228,-169.464597581625
5017,GLP,#32CD32,-0.42713567839196,0.577889447236181,0,-0.440620512846788,0.591751096385712,0.193638056040401,0.341279799484003,-171.958906358439
5027,SP,#FF0000,-0.628140703517588,-0.085427135678392,0,-0.686486030804831,-0.072031130839272,0.241698012612447,0.332658921425388,-168.986645519865
5040,GLP,#32CD32,-0.00502512562814073,0.517587939698493,0,0.00495979692858427,0.519661822261194,0.180132689226061,0.353830223035328,179.073354309523
5045,EVP,#FFA500,-0.407035175879397,-0.256281407035176,0,-0.412880107631758,-0.249255191310781,0.196923301475514,0.33757038677926,179.031001591024
5046,Grüne,#008000,-0.5678391959799,-0.00502512562814073,0,-0.593620242731953,0.0176658103148674,0.242709063139958,0.354244177683813,-165.933365177633
5072,SVP,#4F7942,0.396984924623116,-0.115577889447236,0,0.412007746966526,-0.104456613152797,0.221390823126974,0.308545790769798,-178.419544564341
5076,Grüne,#008000,-0.758793969849246,-0.226130653266332,0,-0.768277731243053,-0.237942000424094,0.234256655795534,0.357278986794015,-179.209686717715
5080,SVP,#4F7942,0.366834170854271,-0.246231155778894,0,0.383576410886097,-0.236752198752189,0.21167817816803,0.310289083941251,178.356458432277
5088,GLP,#32CD32,-0.467336683417085,0.457286432160804,0,-0.478823902098568,0.464397815795061,0.20460816349926,0.351017178523301,-168.000085817679
5098,Die Mitte,#C56C46,-0.0753768844221106,0.0753768844221106,0,-0.0742161404882115,0.100630924988311,0.16866159520412,0.300283180333418,-176.158226254073
5110,EVP,#FFA500,-0.336683417085427,0.0150753768844221,0,-0.351811363165075,0.0327322105794982,0.185965414041092,0.307282964996428,-174.224707849608
5114,SVP,#4F7942,0.708542713567839,-0.236180904522613,0,0.720264055573474,-0.234219733972585,0.228367805752251,0.319186249182312,171.025717055113
5121,GLP,#32CD32,-0.457286432160804,0.527638190954774,0,-0.455727875760897,0.537561077885479,0.195371792609406,0.341373000435218,-170.029791198995
5122,GLP,#32CD32,-0.386934673366834,0.165829145728643,0,-0.406750075440595,0.171134931771462,0.190064339281446,0.325920920298355,-171.273237759862
5123,EVP,#FFA500,-0.35678391959799,-0.105527638190955,0,-0.368110923977726,-0.08525475026789,0.200168835426848,0.336428907779967,-174.720512662841
5134,SP,#FF0000,-0.768844221105528,-0.105527638190955,0,-0.774133148522827,-0.114611618888827,0.223446705768222,0.338555578832754,-173.340240378545
5163,Grüne,#008000,-0.748743718592965,-0.105527638190955,0,-0.757217273393515,-0.0988654866065562,0.240849171288349,0.35315523407412,-174.260137463894
5166,GLP,#32CD32,-0.276381909547739,0.638190954773869,0,-0.28763094682176,0.616765020371245,0.167726710935655,0.328278993026407,-173.61655340358
5168,Die Mitte,#C56C46,-0.185929648241206,-0.396984924623116,0,-0.180260487839992,-0.403816641279694,0.183871486254758,0.279985857236391,177.906509095041
5173,GLP,#32CD32,-0.417085427135678,0.577889447236181,0,-0.441302836826172,0.588017015530074,0.192870353359202,0.344183570635972,-170.147714998873
5178,SP,#FF0000,-0.557788944723618,0.276381909547739,0,-0.566284115245952,0.283903115862133,0.214829698035646,0.339693599966596,-168.155948113727
5180,SVP,#4F7942,0.467336683417085,-0.306532663316583,0,0.480721705599144,-0.288992704742858,0.212017719409781,0.303901431073087,179.849508964329
5192,SVP,#4F7942,0.85929648241206,-0.185929648241206,0,0.839909844477729,-0.185893141241938,0.202108030057911,0.329497347688405,179.154994429016
5198,SVP,#4F7942,0.276381909547739,-0.206030150753769,0,0.274130775428024,-0.20908209188085,0.184159415632628,0.289063487532398,-179.988303398436
5199,FDP,#0000FF,-0.316582914572864,0.417085427135678,0,-0.326266806578793,0.461275636529654,0.194794697093045,0.338116596923457,-173.776710765466
5206,EVP,#FFA500,-0.21608040201005,-0.14572864321608,0,-0.220932007807926,-0.124631922304059,0.167610877591267,0.284820730573866,-176.82742613856
5208,Grüne,#008000,-0.467336683417085,0.155778894472362,0,-0.480467011452999,0.172262041701577,0.202042237732481,0.337317580749983,-173.495653192177
5216,GLP,#32CD32,-0.396984924623116,0.0150753768844221,0,-0.391542303710918,0.0183702174597999,0.194970990974276,0.33010139230104,-172.596379319799
5236,Die Mitte,#C56C46,0.105527638190955,-0.42713567839196,0,0.113670909784769,-0.46090531804618,0.181594158160746,0.297898822553967,179.911554241627
5237,SVP,#4F7942,0.296482412060302,-0.507537688442211,0,0.298935327968014,-0.485724161882886,0.187596998495534,0.312463483460165,-173.530051264198
5238,GLP,#32CD32,-0.336683417085427,0.487437185929648,0,-0.329049691658049,0.508021108117368,0.178365150610058,0.344207275645165,-173.047370387426
5242,GLP,#32CD32,-0.185929648241206,0.467336683417085,0,-0.175709502517313,0.479438641209921,0.167489263000378,0.343679284273237,-173.493196216077
5279,EVP,#FFA500,-0.165829145728643,-0.276381909547739,0,-0.178901696212145,-0.268070841682699,0.179147346736879,0.289379036096794,-179.130305802859
5285,Die Mitte,#C56C46,0.085427135678392,-0.0552763819095478,0,0.083827619382262,-0.0450379361996034,0.173310549928816,0.28729771449067,179.563718047095
5290,Grüne,#008000,-0.718592964824121,-0.115577889447236,0,-0.728087568848153,-0.14056525799617,0.248733010999611,0.336344594973527,-174.951973192617
5297,SVP,#4F7942,0.839195979899498,-0.195979899497487,0,0.826341859317671,-0.203365019954744,0.209085580259413,0.330153076765307,175.051716837986
5313,SP,#FF0000,-0.597989949748744,-0.135678391959799,0,-0.635065736872785,-0.152147837373328,0.231444815413638,0.318978904500533,-179.004467421666
5319,GLP,#32CD32,-0.105527638190955,0.447236180904523,0,-0.112033371418689,0.454927410812628,0.179944443643651,0.35936025854305,-175.873927248148
5320,SP,#FF0000,-0.85929648241206,-0.306532663316583,0,-0.829019427339828,-0.304759026487869,0.214243586980782,0.349434025338937,179.618927128737
5323,FDP,#0000FF,0.296482412060302,0.336683417085427,0,0.297954973368359,0.349106925346255,0.203850490774473,0.349218754674809,174.029837549217
5326,SVP,#4F7942,0.527638190954774,-0.105527638190955,0,0.549801227735654,-0.0730172543257391,0.220465898536502,0.330075995564749,170.174026648556
5332,GLP,#32CD32,-0.28643216080402,0.49748743718593,0,-0.300790138642028,0.498142434567566,0.182558016055701,0.336401575697268,-170.678282699902
5340,SP,#FF0000,-0.688442211055276,-0.0251256281407035,0,-0.703374563631836,0.00230381104554062,0.25459150517467,0.341121700312641,-171.939075416476
5358,SP,#FF0000,-0.809045226130653,-0.125628140703518,0,-0.796881167147673,-0.131282367650659,0.224054290129463,0.348330857039057,-176.313916090779
5385,SVP,#4F7942,0.407035175879397,-0.125628140703518,0,0.421816280235751,-0.0863331265059777,0.202739388306759,0.333215624868302,174.699774406215
5402,SP,#FF0000,-0.587939698492462,-0.0251256281407035,0,-0.647514935502096,-0.0181538295180945,0.229344660570866,0.318616815727832,-168.935167037307
5407,GLP,#32CD32,-0.185929648241206,0.437185929648241,0,-0.183943647414001,0.445137039724831,0.172947598250862,0.339138120268271,-174.404086947151
5413,FDP,#0000FF,0.577889447236181,0.487437185929648,0,0.587153789465331,0.492458449074304,0.231436655415235,0.360411727120058,167.786617347139
5420,Die Mitte,#C56C46,-0.0251256281407035,0.0251256281407035,0,-0.0180948618680835,0.0400219208343402,0.172663217267595,0.307775620577633,-177.056750127556
5445,SP,#FF0000,-0.798994974874372,-0.0954773869346733,0,-0.789568325091032,-0.0999711544741722,0.225265918632312,0.33238754555816,-172.0977584742
5459,SP,#FF0000,-0.728643216080402,-0.0251256281407035,0,-0.736167043947961,-0.0539533102505876,0.237991173193404,0.339460647024552,-173.699541022648
5460,GLP,#32CD32,-0.417085427135678,0.296482412060302,0,-0.42786610414549,0.330430190855088,0.198775640078094,0.350551574659851,-169.959164403668
5483,EVP,#FFA500,-0.195979899497487,-0.276381909547739,0,-0.205685742235523,-0.28162344193076,0.169921453877582,0.286334003685343,179.551378868166
5484,GLP,#32CD32,-0.346733668341709,0.175879396984925,0,-0.349618896244587,0.19403760515853,0.186705972705329,0.324492987225953,-174.080755414252
5521,FDP,#0000FF,0.527638190954774,0.487437185929648,0,0.535495301196024,0.494243527899922,0.216142405065032,0.34282739209507,171.655298097188
5526,SP,#FF0000,-0.839195979899498,-0.105527638190955,0,-0.816406708234397,-0.104689186763083,0.216989801525101,0.340658191157624,-175.171680895061
5544,Die Mitte,#C56C46,-0.0552763819095478,-0.085427135678392,0,-0.0577029585185869,-0.0853612871204488,0.184053541366787,0.306247391576161,176.689720131298
5555,Die Mitte,#C56C46,-0.0653266331658291,0.115577889447236,0,-0.0700094643009756,0.13752863008092,0.173270115686396,0.297325488859158,-175.715290137441
5558,SVP,#4F7942,0.85929648241206,-0.316582914572864,0,0.841563546132585,-0.314580348108342,0.201569006533825,0.330104410930243,-179.456638256437
5575,SP,#FF0000,-0.839195979899498,-0.206030150753769,0,-0.819590570403415,-0.20449803746189,0.215262842018879,0.358217593016685,-178.081586666285
5581,EVP,#FFA500,-0.0653266331658291,-0.437185929648241,0,-0.0668169677476983,-0.438940609119215,0.167760282795719,0.284855204344724,-179.256986903648
5593,GLP,#32CD32,-0.346733668341709,0.346733668341709,0,-0.339360468266055,0.365336508157435,0.178815966175892,0.343435116254055,-173.402686643383
5594,GLP,#32CD32,-0.42713567839196,0.477386934673367,0,-0.437038192520955,0.499398882547203,0.184096359241312,0.341841700222934,-169.65622732805
5597,Die Mitte,#C56C46,-0.125628140703518,-0.0150753768844221,0,-0.148527572394255,0.00351958001695294,0.181171759124539,0.305766304540237,-178.661712955301
5598,GLP,#32CD32,-0.28643216080402,0.628140703517588,0,-0.310473396612005,0.616633537945964,0.180312231024096,0.339471687309255,-173.320785603044
5609,SP,#FF0000,-0.809045226130653,-0.0954773869346733,0,-0.790172941092379,-0.102368776748725,0.227201739105092,0.336708360569806,-174.29962541967
5614,Die Mitte,#C56C46,-0.206030150753769,-0.21608040201005,0,-0.205725160556732,-0.207818508291447,0.174125865530565,0.286750154296986,179.688146518393
5624,SVP,#4F7942,0.819095477386935,-0.226130653266332,0,0.814552473797736,-0.238493913144071,0.216613782080771,0.333132034058645,179.138509833698
5628,EVP,#FFA500,-0.21608040201005,-0.135678391959799,0,-0.236214533310918,-0.106467505000456,0.171940770859251,0.306112699862468,-176.005782925601
5644,Die Mitte,#C56C46,-0.0552763819095478,0.206030150753769,0,-0.0500465105014585,0.212605501671992,0.175025209112378,0.309854688885978,-179.119440850246
5647,GLP,#32CD32,-0.246231155778894,0.527638190954774,0,-0.263826058292565,0.544374103526342,0.171190511940339,0.334777321242068,-175.715612225797
5654,Die Mitte,#C56C46,-0.346733668341709,0.195979899497488,0,-0.340574911336237,0.221083352953677,0.191417172037176,0.32582926097839,-173.542013455022
5655,FDP,#0000FF,0.28643216080402,0.236180904522613,0,0.285868831322126,0.297588559854449,0.189241234639623,0.335468675720917,177.323942648055
5680,SVP,#4F7942,0.49748743718593,-0.336683417085427,0,0.518138342534499,-0.338578330221632,0.219579416043462,0.295723369662394,177.768708281342
5684,Grüne,#008000,-0.728643216080402,-0.336683417085427,0,-0.746755975163413,-0.350791727214621,0.239004752293949,0.339619497712909,178.778223869487
5687,SP,#FF0000,-0.919597989949749,-0.135678391959799,0,-0.862144802804675,-0.139807996979169,0.191479170168211,0.361100926632692,-177.643130643968
5692,EVP,#FFA500,-0.417085427135678,0.0251256281407035,0,-0.421999865712697,0.0345967105310226,0.189654462362059,0.326012579916575,-172.43848972414
5700,EVP,#FFA500,-0.336683417085427,-0.226130653266332,0,-0.342061491105603,-0.218894898953891,0.175205771455356,0.292593125304345,-177.092003569224
5704,GLP,#32CD32,-0.407035175879397,0.266331658291457,0,-0.42276424945427,0.277700277211903,0.205531688328945,0.348073324922642,-176.195792007738
5708,Grüne,#008000,-0.597989949748744,0.035175879396985,0,-0.62623234187465,0.0584483411078294,0.234226717240696,0.351346505229254,-170.247777762706
5733,SVP,#4F7942,0.748743718592965,-0.185929648241206,0,0.74609756656391,-0.179213990758603,0.235989153523371,0.32412474350385,174.649080723255
5747,Grüne,#008000,-0.809045226130653,-0.0452261306532663,0,-0.800787798632732,-0.0783691736985076,0.227679185094958,0.338571126117978,-175.971749356398
5760,EVP,#FFA500,0.085427135678392,0.0753768844221106,0,0.0889172390927014,0.0706467489408901,0.170090615165011,0.29554538971058,-178.057530196633
5763,Grüne,#008000,-0.688442211055276,-0.0954773869346733,0,-0.719870276091511,-0.127638592101484,0.252512412710518,0.347591953614511,-178.29349021815
5784,Die Mitte,#C56C46,-0.125628140703518,-0.316582914572864,0,-0.123711877874694,-0.332858517916766,0.169783338300924,0.314270983134697,179.639737004642
5790,SP,#FF0000,-0.728643216080402,0.0552763819095476,0,-0.732070232891213,0.0674603118553613,0.242979805558745,0.347098866029573,-168.69399343561
5801,EVP,#FFA500,-0.678391959798995,-0.115577889447236,0,-0.710717891410987,-0.138985886899427,0.252559506466917,0.352555374862452,-173.58688512471
5812,Grüne,#008000,-0.547738693467337,0.0753768844221106,0,-0.571169982610179,0.0575743888813266,0.226263137409586,0.357946078337497,-170.952471341236
5823,Die Mitte,#C56C46,-0.0954773869346733,-0.296482412060301,0,-0.104092744464932,-0.279552690816048,0.167767986519028,0.318959697692442,-175.968090459165
5829,GLP,#32CD32,-0.296482412060301,0.517587939698493,0,-0.30192000302359,0.525687505472564,0.184245548560986,0.345713070754773,-172.239480268955
5847,Grüne,#008000,-0.889447236180905,-0.296482412060301,0,-0.846752593729845,-0.298822801322666,0.20318456582858,0.347123833982117,179.252592095846
5855,GLP,#32CD32,0.0251256281407035,-0.557788944723618,0,0.0310120763901987,-0.568616235799143,0.170653432026411,0.302479624036425,-175.997229525522
5887,Grüne,#008000,-0.879396984924623,-0.135678391959799,0,-0.841467962069023,-0.149428847903353,0.204635445797465,0.34791717472232,-178.772310164797
5899,Die Mitte,#C56C46,-0.0954773869346733,0.115577889447236,0,-0.109966604239582,0.114766834462361,0.168951513708396,0.293833423209332,-173.982550450307
5905,Die Mitte,#C56C46,-0.115577889447236,0.0251256281407035,0,-0.108110089181401,0.0219488638324461,0.175928871670341,0.310950492477704,-179.13766646123
5908,GLP,#32CD32,-0.0452261306532663,0.417085427135678,0,-0.0396057313352855,0.453761744271707,0.18506893192057,0.362249837653189,-177.300564756459
5915,SVP,#4F7942,0.658291457286432,-0.14572864321608,0,0.656471294476566,-0.162793126841075,0.230305689609026,0.314676084908123,175.576418285921
5921,Die Mitte,#C56C46,-0.276381909547739,0.105527638190955,0,-0.279047437870631,0.11562421036611,0.182392739549596,0.319760333123565,-177.323526400586
5922,Grüne,#008000,-0.829145728643216,-0.366834170854271,0,-0.81790731981661,-0.368238698237598,0.21740151046014,0.345058859367423,177.77210340494
