,answer_32214,answer_32215,answer_32268,answer_32245,x,y,mu_x,mu_y,width,height,angle
0,0.0,0.0,0.0,0.0,-0.2361809045226131,-0.09547738693467334,-0.28730906227170505,-0.04743802076304525,0.6655577383821522,0.9151461085758803,-169.54665703167322
1,0.0,0.0,0.0,1.0,-0.12562814070351758,-0.12562814070351758,-0.09956468290981191,-0.07540832604371941,0.7503203857993734,0.8939758384935066,-165.1992985463521
2,0.0,0.0,0.0,2.0,0.015075376884422065,-0.16582914572864316,0.04828051642960573,-0.0957253886289425,0.7257781111465786,0.8688158930520461,-171.21589918253596
3,0.0,0.0,0.0,3.0,0.20603015075376896,-0.18592964824120606,0.19280869738498171,-0.10902382458968898,0.6754468826100463,0.8497943929106404,-178.9409913915523
4,0.0,0.0,0.0,,0.09547738693467345,-0.1758793969849246,0.005938933298314174,-0.08505361228093793,0.8041069583306165,0.8912495546234904,-153.80594700805838
5,0.0,0.0,1.0,0.0,-0.025125628140703515,-0.46733668341708545,-0.20209294911647027,-0.15651560798615755,0.6872080559080648,0.9535387311952082,-160.52997665266216
6,0.0,0.0,1.0,1.0,0.09547738693467345,-0.40703517587939697,0.04911266708575204,-0.21836796371623196,0.7688879706616639,0.9462096498130651,-144.5257575017021
7,0.0,0.0,1.0,2.0,0.14572864321608048,-0.3467336683417085,0.19345635864030114,-0.2529197504057011,0.7306817458840381,0.889089022606401,-153.57036076624513
8,0.0,0.0,1.0,3.0,0.24623115577889454,-0.24623115577889443,0.33073971986014317,-0.27972204811528,0.6769345017282443,0.8504453284082537,-164.2938693573954
9,0.0,0.0,1.0,,0.1959798994974875,-0.2864321608040201,0.1806638710344106,-0.24502013856703794,0.7726999867342949,0.9395834762946369,-139.096091365847
10,0.0,0.0,2.0,0.0,0.055276381909547645,-0.6281407035175879,-0.10777688135618511,-0.26027912935479364,0.693406053307289,0.990232757503877,-151.61333298333142
11,0.0,0.0,2.0,1.0,0.33668341708542715,-0.5577889447236181,0.20329331558098526,-0.3495774317448666,0.7407644203826099,0.9494374873256363,-135.23695067880632
12,0.0,0.0,2.0,2.0,0.35678391959799005,-0.5376884422110553,0.3262877494696957,-0.3862704561586007,0.700692031762382,0.8481899825463083,-146.90618062348912
13,0.0,0.0,2.0,3.0,0.4070351758793971,-0.4773869346733668,0.44040295462768153,-0.41067231576094443,0.6407499771153733,0.783251670175611,-163.29452314210383
14,0.0,0.0,2.0,,0.39698492462311563,-0.48743718592964824,0.33314225322275015,-0.38124533285944084,0.7201226568465288,0.891319144493086,-136.54712050987564
15,0.0,0.0,3.0,0.0,0.11557788944723613,-0.7587939698492463,0.14841079343046024,-0.5435991670790827,0.6347186133657555,0.668717009669075,-63.612945841117394
16,0.0,0.0,3.0,1.0,0.5276381909547738,-0.728643216080402,0.4310724453547723,-0.5408443950845855,0.6390873341556657,0.6975076558814854,-80.50726775977658
17,0.0,0.0,3.0,2.0,0.5879396984924623,-0.7386934673366834,0.4866592497867786,-0.5401923998304041,0.6263212925482393,0.6452659662714613,148.3190751654626
18,0.0,0.0,3.0,3.0,0.6683417085427137,-0.7587939698492463,0.553894954026447,-0.5395960151212481,0.5667867624761813,0.6413918899824035,174.61880312162023
19,0.0,0.0,3.0,,0.6381909547738693,-0.7487437185929648,0.5123046360703712,-0.5400066165181266,0.6243200162145627,0.644548446288739,154.54831955597436
20,0.0,0.0,,0.0,-0.1959798994974874,-0.15577889447236182,-0.20885186917785348,-0.1367784773723782,0.6958466539100017,0.9880574174638244,-156.10790620502962
21,0.0,0.0,,1.0,-0.005025125628140725,-0.27638190954773867,0.08912491701325607,-0.24091303911252782,0.752225907469438,1.0425148376545912,-137.56401275292362
22,0.0,0.0,,2.0,0.2361809045226131,-0.42713567839195976,0.2461094849775649,-0.29630183928431425,0.7142679662420156,0.9716030534019149,-143.6850455109264
23,0.0,0.0,,3.0,0.5477386934673367,-0.6180904522613065,0.39156692247640473,-0.34603025391151654,0.6594014677688472,0.9004277611660519,-153.15786872589538
24,0.0,0.0,,,0.46733668341708534,-0.5678391959798995,0.236104960052695,-0.29185025109749,0.7415342873849796,1.0303626161243589,-135.4211547539492
25,0.0,1.0,0.0,0.0,-0.48743718592964824,-0.20603015075376885,-0.4629359998469672,-0.15083748397795446,0.6714850348498561,0.9241194010527036,-178.97617426508197
26,0.0,1.0,0.0,1.0,-0.3266331658291457,-0.20603015075376885,-0.2938665346061024,-0.15906981218543906,0.7706385402465964,0.9007894946341767,-178.17360177871112
27,0.0,1.0,0.0,2.0,0.005025125628140614,-0.22613065326633164,-0.12677628982387754,-0.16575206276108603,0.7908307635802343,0.8761827429926958,-178.33144960213295
28,0.0,1.0,0.0,3.0,0.14572864321608048,-0.2160804020100502,0.06406772584777883,-0.17281864768384972,0.7124150328586031,0.8504674523918857,177.84077251090358
29,0.0,1.0,0.0,,-0.045226130653266305,-0.22613065326633164,-0.2234707340524623,-0.16082550674262386,0.8655911898014904,0.8932469954144938,-165.58776025943965
30,0.0,1.0,1.0,0.0,-0.3065326633165829,-0.457286432160804,-0.3899146183892104,-0.23113752186359657,0.719321158299563,0.9364410903064041,-167.83207007758128
31,0.0,1.0,1.0,1.0,-0.015075376884422065,-0.5376884422110553,-0.16464538621662858,-0.2674788713913561,0.8160731920907448,0.9310557084892358,-143.57317667481504
32,0.0,1.0,1.0,2.0,0.045226130653266416,-0.46733668341708545,0.018416125311647966,-0.2948379606018319,0.7917182828911761,0.894508034971587,-141.7804441835457
33,0.0,1.0,1.0,3.0,0.1959798994974875,-0.2864321608040201,0.203754667530845,-0.3214865192929947,0.7214429371827791,0.8372364506462162,-160.04456117444593
34,0.0,1.0,1.0,,0.13567839195979903,-0.35678391959798994,-0.05130465103813528,-0.2826696994502448,0.8326076583949852,0.9777302495942278,-121.68348009373551
35,0.0,1.0,2.0,0.0,-0.13567839195979903,-0.8090452261306533,-0.30948876585490454,-0.3028072191110017,0.7462124921266303,0.9656458774087825,-152.87022365579077
36,0.0,1.0,2.0,1.0,0.2361809045226131,-0.6783919597989949,-0.01551593062691693,-0.3708306444232327,0.7852574941417203,0.9876813520791836,-126.112453103471
37,0.0,1.0,2.0,2.0,0.29648241206030157,-0.6080402010050251,0.16387302231842216,-0.4123202771435395,0.7441207851978776,0.8926283677880233,-129.82700465701876
38,0.0,1.0,2.0,3.0,0.39698492462311563,-0.48743718592964824,0.32666134905677585,-0.44350751321862036,0.6840645494647756,0.7833751377755799,-150.64822449676413
39,0.0,1.0,2.0,,0.3467336683417086,-0.5477386934673367,0.12473464282311282,-0.39884643985042084,0.7683445155499387,0.9942619097180431,-118.89534087057326
40,0.0,1.0,3.0,0.0,-0.07537688442211055,-0.9698492462311558,-0.002030923657393132,-0.5911503842897358,0.6039437717523785,0.7295665103797725,-75.48948848043733
41,0.0,1.0,3.0,1.0,0.4070351758793971,-0.7587939698492463,0.2839924306222066,-0.5800268882671925,0.6098130942402491,0.776867060398881,-82.4469979896977
42,0.0,1.0,3.0,2.0,0.48743718592964824,-0.7587939698492463,0.37399987245915367,-0.5759326084494332,0.6093246533093636,0.6892096802110751,-78.3727024577733
43,0.0,1.0,3.0,3.0,0.5075376884422111,-0.8090452261306533,0.46532504507996975,-0.573562479422292,0.6011344434988775,0.6242573723104995,136.64006326540974
44,0.0,1.0,3.0,,0.4974874371859297,-0.778894472361809,0.3927959548856435,-0.5762919507969841,0.6104776200418324,0.7181474708569323,-80.8048270901854
45,0.0,1.0,,0.0,-0.44723618090452255,-0.24623115577889443,-0.4044324125105546,-0.206727265951508,0.7282653107934856,0.9501869804434695,-165.35945070849758
46,0.0,1.0,,1.0,-0.3266331658291457,-0.27638190954773867,-0.14719425424165603,-0.26591722305855114,0.812270454441316,1.0117419785104242,-133.93691326377672
47,0.0,1.0,,2.0,0.005025125628140614,-0.37688442211055273,0.05501074181368626,-0.31465192951236604,0.7782113613709536,0.9882130552024847,-133.41974634191962
48,0.0,1.0,,3.0,0.4371859296482412,-0.5979899497487438,0.2595860409708343,-0.3680867587488045,0.7068787672321134,0.9048602393484283,-145.14873955252355
49,0.0,1.0,,,0.3467336683417086,-0.5477386934673367,-0.015019516404718377,-0.3013563640961805,0.8115364099981248,1.0771826105258386,-123.05411469845814
50,0.0,2.0,0.0,0.0,-0.5879396984924623,-0.24623115577889443,-0.5208249745141398,-0.18261149826179002,0.6113844244148883,0.9191208664836839,-176.08972195603766
51,0.0,2.0,0.0,1.0,-0.3266331658291457,-0.24623115577889443,-0.3893339386940871,-0.1983728064137284,0.6905906963210235,0.8984296783740177,-173.6357737923973
52,0.0,2.0,0.0,2.0,-0.085427135678392,-0.31658291457286436,-0.24794357158293628,-0.2148239838883387,0.742479231884901,0.8762452984167968,-170.07215615032126
53,0.0,2.0,0.0,3.0,-0.0653266331658291,-0.3668341708542714,-0.0585342418613377,-0.23186621908304814,0.6974124705292765,0.8434674618960903,-178.04302824941772
54,0.0,2.0,0.0,,-0.16582914572864316,-0.2562814070351759,-0.35355108865790186,-0.20043367804302265,0.7767360640673519,0.898544024870378,-167.1458735425844
55,0.0,2.0,1.0,0.0,-0.4371859296482412,-0.4371859296482412,-0.4602726247510701,-0.2572247892948004,0.6508327176839838,0.9329743509375155,-167.91949159456874
56,0.0,2.0,1.0,1.0,-0.10552763819095479,-0.6482412060301508,-0.29026437955332707,-0.2946397585748941,0.7418216213751389,0.916038361829275,-156.13176427808662
57,0.0,2.0,1.0,2.0,-0.005025125628140725,-0.5276381909547738,-0.12353988784220435,-0.3292133186549169,0.7576291534555946,0.8895053517220635,-146.71011316099322
58,0.0,2.0,1.0,3.0,-0.005025125628140725,-0.5276381909547738,0.07051935273027023,-0.36242900799720834,0.7241582406226926,0.8255908974756075,-157.32965097885528
59,0.0,2.0,1.0,,-0.015075376884422065,-0.5376884422110553,-0.21672171505346582,-0.3054971525859315,0.8010122516520229,0.9501794599929105,-135.27371053484296
60,0.0,2.0,2.0,0.0,-0.22613065326633164,-0.9095477386934674,-0.39712571112415185,-0.3193878126615274,0.6800783916365135,0.9558093444040916,-157.75956487761658
61,0.0,2.0,2.0,1.0,0.07537688442211055,-0.7989949748743719,-0.1735241966064497,-0.3823119864446762,0.7525016668627285,0.9616689149368989,-136.70997710144536
62,0.0,2.0,2.0,2.0,0.085427135678392,-0.8291457286432161,0.009405939768522562,-0.43370660281727724,0.7328584266531526,0.9065307301034714,-131.27049849940445
63,0.0,2.0,2.0,3.0,0.15577889447236193,-0.778894472361809,0.19697776046201512,-0.47356703824306606,0.7026221850669406,0.7932339741149623,-138.23822488817703
64,0.0,2.0,2.0,,0.09547738693467345,-0.8492462311557789,-0.06137261937841676,-0.406521038013261,0.7656840464037445,1.0084933125946678,-123.01500208293616
65,0.0,2.0,3.0,0.0,-0.13567839195979903,-1.0,-0.10798049013260186,-0.6249265125853397,0.5795481421432513,0.6835291426855257,-79.57093821124526
66,0.0,2.0,3.0,1.0,0.11557788944723613,-0.9195979899497487,0.13147630584443668,-0.615342209918291,0.5818767025130919,0.7847787451355406,-82.99319858689381
67,0.0,2.0,3.0,2.0,0.12562814070351758,-0.949748743718593,0.2449299423595573,-0.6111824118943942,0.5802339218562561,0.720078436181267,-79.82369168851191
68,0.0,2.0,3.0,3.0,0.24623115577889454,-0.9899497487437185,0.3598704984158258,-0.6059332247025127,0.5812483838240822,0.6698014429602193,-73.37088259354044
69,0.0,2.0,3.0,,0.14572864321608048,-1.0,0.25319860957402107,-0.6102637699901554,0.5838514499863973,0.7770145730237425,-82.26930412593684
70,0.0,2.0,,0.0,-0.5477386934673367,-0.2864321608040201,-0.4769907543491046,-0.22957478456850713,0.654931206839641,0.9404752469578029,-167.60879527301392
71,0.0,2.0,,1.0,-0.3266331658291457,-0.3266331658291457,-0.2897396762404339,-0.2781096407852821,0.757723514493142,0.9603505086505386,-147.6566414347738
72,0.0,2.0,,2.0,-0.005025125628140725,-0.5577889447236181,-0.10586737659472165,-0.3290786470212027,0.7609146435002895,0.9667746649686194,-137.04546728466386
73,0.0,2.0,,3.0,0.07537688442211055,-0.6783919597989949,0.11509762181894442,-0.3870985696629804,0.7208721236361485,0.9018581036730304,-140.77343351426444
74,0.0,2.0,,,-0.035175879396984966,-0.46733668341708545,-0.20215548080843526,-0.3026940929491087,0.7961955141249752,1.0305551200433656,-129.9432360460227
75,0.0,3.0,0.0,0.0,-0.7487437185929648,-0.3065326633165829,-0.588686472892449,-0.22580854673410952,0.5576467337772368,0.9100171344551047,-175.43502910631938
76,0.0,3.0,0.0,1.0,-0.33668341708542715,-0.3869346733668342,-0.4829995345537781,-0.2437182714994765,0.6311419757922725,0.8924358113763744,-173.1428106795977
77,0.0,3.0,0.0,2.0,-0.22613065326633164,-0.3969849246231155,-0.3662753421008826,-0.25976279043781564,0.7029158570255362,0.8748920352370564,-168.55202723924398
78,0.0,3.0,0.0,3.0,-0.11557788944723613,-0.40703517587939697,-0.17322003138930112,-0.28558704679063074,0.6731626451444715,0.8337157073949893,-173.78722597224743
79,0.0,3.0,0.0,,-0.5879396984924623,-0.3467336683417085,-0.47279704318174787,-0.24248304938574866,0.6943966408922007,0.8951016237741896,-169.56471944545876
80,0.0,3.0,1.0,0.0,-0.6582914572864322,-0.42713567839195976,-0.5387981867553827,-0.2912786669194849,0.5963848313820549,0.9210830309288254,-169.08982879832863
81,0.0,3.0,1.0,1.0,-0.3467336683417085,-0.8894472361809045,-0.4053318557861605,-0.3268149545425963,0.67721864471489,0.9030942030203183,-161.5342941515066
82,0.0,3.0,1.0,2.0,-0.09547738693467334,-0.6381909547738693,-0.2598509477416908,-0.35956410438254127,0.7218394543705847,0.8853715743097625,-150.42313250521303
83,0.0,3.0,1.0,3.0,-0.045226130653266305,-0.5778894472361809,-0.0587477513888709,-0.40195176271036426,0.693368934731028,0.8152983946106576,-155.44545196513482
84,0.0,3.0,1.0,,-0.1959798994974874,-0.7587939698492463,-0.36881771139762837,-0.33046676893106836,0.743834914809809,0.9230702819543807,-148.80582371676488
85,0.0,3.0,2.0,0.0,-0.3668341708542714,-1.0,-0.48989316696298213,-0.34128012703661403,0.6298542915330771,0.9365798175287688,-161.40395755698464
86,0.0,3.0,2.0,1.0,-0.27638190954773867,-1.0,-0.31729203351237184,-0.39738129839242514,0.7050849831095299,0.9343429533381467,-145.83425481007197
87,0.0,3.0,2.0,2.0,-0.015075376884422065,-0.9798994974874372,-0.14398221253556412,-0.44964272541801287,0.706137308161983,0.9131235252973392,-135.12351133943295
88,0.0,3.0,2.0,3.0,0.09547738693467345,-0.8492462311557789,0.06123759856938588,-0.5029570022389925,0.671709971837211,0.8017339766515255,-136.43596946584634
89,0.0,3.0,2.0,,-0.025125628140703515,-0.9899497487437185,-0.24600869285595317,-0.4128248168815218,0.7394676306721827,0.9864023831408759,-131.2033910846606
90,0.0,3.0,3.0,0.0,-0.24623115577889443,-1.0,-0.21211881071997482,-0.6547650530863042,0.5552408609864422,0.6628568072314129,-82.94131147518651
91,0.0,3.0,3.0,1.0,-0.15577889447236182,-1.0,-0.01866936787735991,-0.6506903943029968,0.5507166961065617,0.748423480175927,-85.57371199411476
92,0.0,3.0,3.0,2.0,-0.005025125628140725,-1.0,0.11180529632314568,-0.6474304927710754,0.5474109996112085,0.7024777545097868,-84.5952745709174
93,0.0,3.0,3.0,3.0,0.18592964824120606,-1.0,0.23820495598169847,-0.6444862549173074,0.546141626047945,0.6587702504600544,-83.3047609419023
94,0.0,3.0,3.0,,0.055276381909547645,-1.0,0.09440327545162307,-0.6477685787914332,0.5497037103435295,0.7819239590928878,-86.31649953605051
95,0.0,3.0,,0.0,-0.728643216080402,-0.33668341708542715,-0.5558668424632612,-0.26319410960335676,0.595237811485115,0.9243166324713495,-169.76168523729692
96,0.0,3.0,,1.0,-0.33668341708542715,-0.4974874371859297,-0.41580403575790476,-0.30261320607488884,0.6927336165233483,0.9250365063696916,-157.88785337621044
97,0.0,3.0,,2.0,-0.055276381909547756,-0.6582914572864322,-0.25963263037559436,-0.3462376059865325,0.7325246986883698,0.9388960099061949,-143.20785109066114
98,0.0,3.0,,3.0,0.025125628140703515,-0.7085427135678393,-0.03139010707914606,-0.40930983730184495,0.6982344848158906,0.8869223593679892,-142.0384927976296
99,0.0,3.0,,,-0.507537688442211,-0.42713567839195976,-0.3722020056213946,-0.31436191072254094,0.7526964288642937,0.9668847118931874,-142.79118624901628
100,0.0,,0.0,0.0,-0.6884422110552764,-0.2864321608040201,-0.540597654697117,-0.1973471309393391,0.6204475439631539,0.9178722393695173,-177.8843132028573
101,0.0,,0.0,1.0,-0.33668341708542715,-0.3266331658291457,-0.39577650724620145,-0.20543144674767844,0.7395649023242807,0.8995344394658386,-179.0463617351463
102,0.0,,0.0,2.0,-0.0653266331658291,-0.31658291457286436,-0.2366148551767321,-0.20845687121210343,0.812374650599067,0.8816860601772365,174.38890118264496
103,0.0,,0.0,3.0,0.015075376884422065,-0.3065326633165829,-0.013966806577450648,-0.20876722280350643,0.7578570067601683,0.865660297670696,163.87532891266721
104,0.0,,0.0,,-0.44723618090452255,-0.31658291457286436,-0.3482263822443427,-0.20151873921348679,0.8465610808856735,0.8962555151418095,179.49309423686122
105,0.0,,1.0,0.0,-0.5778894472361809,-0.42713567839195976,-0.47924008560148507,-0.26744110516356356,0.6721980470459145,0.9274719022089372,-169.48985970192388
106,0.0,,1.0,1.0,-0.3065326633165829,-0.778894472361809,-0.281665700058047,-0.2973037121779072,0.8152304045451506,0.9166883438931971,-148.61370049540142
107,0.0,,1.0,2.0,-0.005025125628140725,-0.5276381909547738,-0.09032217817362202,-0.3196810364139869,0.8312918128164754,0.9078789947644182,-126.37851013978812
108,0.0,,1.0,3.0,0.09547738693467345,-0.40703517587939697,0.1359742878533711,-0.3408437142136379,0.7979386545792028,0.8327167898614923,-155.0511450770561
109,0.0,,1.0,,-0.055276381909547756,-0.5879396984924623,-0.18742047768447642,-0.30225875819203263,0.8545384085034478,0.9865367476769743,-115.27450079961966
110,0.0,,2.0,0.0,-0.31658291457286436,-1.0,-0.413547935086445,-0.3250964672890866,0.7146027444164523,0.9477712445628641,-157.26281606826197
111,0.0,,2.0,1.0,-0.18592964824120606,-0.9899497487437185,-0.14310200715545648,-0.3813859254803699,0.8065878746236216,0.9948481489914864,-122.25020642721387
112,0.0,,2.0,2.0,-0.005025125628140725,-0.9095477386934674,0.06548930764425001,-0.4214149272350087,0.7812911162036962,0.9434729103333973,-115.94167873429566
113,0.0,,2.0,3.0,0.256281407035176,-0.6582914572864322,0.27504687104603287,-0.45091817178852994,0.7482862387505681,0.8027474198180489,-123.37738208777024
114,0.0,,2.0,,0.20603015075376896,-0.7185929648241206,-0.005269951925430182,-0.3996980055136297,0.8004154283463629,1.0583148357905108,-111.4089505954194
115,0.0,,3.0,0.0,-0.1959798994974874,-1.0,-0.10253260001205396,-0.6209751837738332,0.5825304670210352,0.7482690383144268,-76.40070123046267
116,0.0,,3.0,1.0,-0.0653266331658291,-1.0,0.20164950979509255,-0.5968791929590866,0.5974428379661667,0.8580076221683051,-79.86605437667457
117,0.0,,3.0,2.0,0.0653266331658291,-0.9798994974874372,0.323937769977781,-0.5867437060497044,0.6006504000388795,0.7684438135934712,-76.12479600981962
118,0.0,,3.0,3.0,0.4572864321608041,-0.8391959798994975,0.44084665715154053,-0.577157113164222,0.6018450116782171,0.6870412267759629,-65.4694055473181
119,0.0,,3.0,,0.35678391959799005,-0.8592964824120604,0.33519535803315015,-0.5856768275694647,0.6041513077236561,0.8173570304871961,-78.72165745792867
120,0.0,,,0.0,-0.6582914572864322,-0.31658291457286436,-0.49531652341127436,-0.2411359638343878,0.6767402566994702,0.9344605291290483,-168.85896095310488
121,0.0,,,1.0,-0.33668341708542715,-0.42713567839195976,-0.2739189058100729,-0.28527544764528845,0.8215390693631942,0.9792201968652916,-135.378948006462
122,0.0,,,2.0,-0.005025125628140725,-0.5376884422110553,-0.06144571998719446,-0.32666910453065173,0.8175698054268965,1.004999738353255,-123.68862011355067
123,0.0,,,3.0,0.256281407035176,-0.6180904522613065,0.19230395312591778,-0.3758424494881419,0.7735535110222519,0.9181218590882054,-132.38736721342693
124,0.0,,,,-0.2562814070351759,-0.44723618090452255,-0.1613581754415706,-0.3065591979362581,0.8387385522253197,1.0824821299381322,-117.58197224730645
125,1.0,0.0,0.0,0.0,-0.2160804020100502,0.025125628140703515,-0.22636564086353658,0.16755434125310892,0.7026266412413414,0.9306005569330814,-174.5031961693781
126,1.0,0.0,0.0,1.0,-0.10552763819095479,-0.005025125628140725,0.004032841559075198,0.16128945412500995,0.8175071735386797,0.9296939651827986,174.59547318970996
127,1.0,0.0,0.0,2.0,0.015075376884422065,-0.035175879396984966,0.15385857878900752,0.15768064822837086,0.7600111514778429,0.9336244395468299,170.07588515500072
128,1.0,0.0,0.0,3.0,0.256281407035176,-0.025125628140703515,0.29793575285009244,0.16509003826716898,0.687738061843961,0.938521340905582,168.57357409050834
129,1.0,0.0,0.0,,0.14572864321608048,-0.045226130653266305,0.13166713245242653,0.16587152819381581,0.8472279439400112,0.9359509242813621,164.09220243532582
130,1.0,0.0,1.0,0.0,-0.09547738693467334,-0.1758793969849246,-0.15398535767734423,0.06334072721449217,0.7259186692508769,0.9988957231251724,-165.39230186098263
131,1.0,0.0,1.0,1.0,0.16582914572864316,-0.31658291457286436,0.13465270452304456,0.01587485742976691,0.8451546089517552,0.9991549081927253,-161.5834757452316
132,1.0,0.0,1.0,2.0,0.1959798994974875,-0.2864321608040201,0.27382054977356196,-0.00786546967715321,0.7728698908766246,0.9829835448685502,-174.1646606501171
133,1.0,0.0,1.0,3.0,0.31658291457286425,-0.14572864321608037,0.4041423617937531,-0.020874395413630096,0.6872348531386676,0.9831001162524421,-179.81360966958593
134,1.0,0.0,1.0,,0.256281407035176,-0.2160804020100502,0.2724852280253107,-0.001008831890493431,0.8381394693240272,0.9931188160066629,-166.99651374340343
135,1.0,0.0,2.0,0.0,0.055276381909547645,-0.26633165829145733,-0.0732889438880756,-0.04294499530749997,0.7349376629800075,1.0664400991346688,-157.60568206554618
136,1.0,0.0,2.0,1.0,0.4070351758793971,-0.46733668341708545,0.27041198639472985,-0.13679882618865188,0.8140638991097529,1.0316351135673092,-152.95031912725477
137,1.0,0.0,2.0,2.0,0.4170854271356783,-0.46733668341708545,0.38804564731180574,-0.17122990264158447,0.7376021289944387,0.9785139042330433,-167.7775382426213
138,1.0,0.0,2.0,3.0,0.4572864321608041,-0.4170854271356784,0.49570973224575654,-0.19322925228427304,0.6442201688278909,0.9538204965980953,-176.22110243089503
139,1.0,0.0,2.0,,0.44723618090452266,-0.42713567839195976,0.39948399069631885,-0.16781405418740641,0.7740353971669,0.9899312532409782,-162.2326215265822
140,1.0,0.0,3.0,0.0,0.256281407035176,-0.3969849246231155,0.2130934837465218,-0.4197690206119105,0.6599238413569616,0.7625306101903118,162.76101304577725
141,1.0,0.0,3.0,1.0,0.5979899497487438,-0.5778894472361809,0.5049279352527416,-0.3996795710792762,0.6565422886097537,0.7900098747147104,166.04390273632174
142,1.0,0.0,3.0,2.0,0.6482412060301508,-0.6080402010050251,0.5496479705642653,-0.39673832720701735,0.5993285623471044,0.7901187676604289,171.01380362285738
143,1.0,0.0,3.0,3.0,0.7085427135678393,-0.6381909547738693,0.6060015442031284,-0.3926002774902336,0.5367936758775768,0.7950073807677104,173.99270143599742
144,1.0,0.0,3.0,,0.6884422110552764,-0.6281407035175879,0.5735973178685051,-0.39484095970051697,0.5881556544198854,0.7932141405284319,171.90743564598762
145,1.0,0.0,,0.0,-0.1959798994974874,-0.035175879396984966,-0.16517211066944185,0.08577110393866015,0.7308702741616931,1.017728731629981,-161.83980172591976
146,1.0,0.0,,1.0,-0.005025125628140725,-0.15577889447236182,0.1539620381040152,-0.006621224766393805,0.8312349490774257,1.0831666788493992,-149.88607507891572
147,1.0,0.0,,2.0,0.2160804020100502,-0.29648241206030146,0.30218268213998295,-0.05009070472116802,0.7718920377161291,1.0553726377447865,-161.04588564513793
148,1.0,0.0,,3.0,0.5477386934673367,-0.507537688442211,0.43819179802853503,-0.08881494020807043,0.6874848131880664,1.0423182031340954,-169.3984901128781
149,1.0,0.0,,,0.46733668341708534,-0.457286432160804,0.3011461416391031,-0.0491601669085629,0.8212837011711679,1.0789148647527464,-153.88425619522442
150,1.0,1.0,0.0,0.0,-0.4170854271356784,0.005025125628140614,-0.39786354669444246,0.0602594180659826,0.7074388293657098,0.9713407507535425,178.07824403214804
151,1.0,1.0,0.0,1.0,-0.3065326633165829,-0.055276381909547756,-0.19568547176525175,0.06345463382922346,0.8200986865397027,0.9619943592377413,170.75498011100106
152,1.0,1.0,0.0,2.0,0.015075376884422065,-0.10552763819095479,-0.019161426021347832,0.06700681975498012,0.8082023557683263,0.9542895568441999,167.21481335338257
153,1.0,1.0,0.0,3.0,0.1959798994974875,-0.085427135678392,0.16635901886415153,0.07636915659585637,0.7233938936137616,0.9506299128461174,167.84924196796547
154,1.0,1.0,0.0,,0.015075376884422065,-0.11557788944723613,-0.09561988638594635,0.0688891089665253,0.8983942981857861,0.9719826343272415,151.38396136356096
155,1.0,1.0,1.0,0.0,-0.3266331658291457,-0.045226130653266305,-0.3342693121248361,-0.022474356607642663,0.7514115866356614,1.0075155728593637,-171.8918032470572
156,1.0,1.0,1.0,1.0,0.15577889447236193,-0.3266331658291457,-0.07628479122674314,-0.0539424879441152,0.881580887332757,0.9997457680580437,-161.64522240651266
157,1.0,1.0,1.0,2.0,0.16582914572864316,-0.3266331658291457,0.10579995348433578,-0.07618011166565908,0.8370008389067931,0.9773719261542264,-170.5251270010258
158,1.0,1.0,1.0,3.0,0.2663316582914572,-0.20603015075376885,0.28119772368012613,-0.09239736073126922,0.7372357947006739,0.9670109562708528,-179.23101865150835
159,1.0,1.0,1.0,,0.1959798994974875,-0.2864321608040201,0.055547802461778144,-0.06676134863971905,0.9291774636828317,1.0043432957953566,-147.0212042811938
160,1.0,1.0,2.0,0.0,-0.22613065326633164,-0.10552763819095479,-0.26396827166069003,-0.10076600215829096,0.7793230569432568,1.0529195825535689,-160.35647469625835
161,1.0,1.0,2.0,1.0,0.3869346733668342,-0.457286432160804,0.06085917896219105,-0.1770465464601215,0.8677350023906321,1.0549610311856066,-142.43091618317692
162,1.0,1.0,2.0,2.0,0.39698492462311563,-0.46733668341708545,0.23389141712070108,-0.21963483550674612,0.8086875957446726,0.9817372013038403,-157.24786255442362
163,1.0,1.0,2.0,3.0,0.4070351758793971,-0.46733668341708545,0.38733754412206317,-0.2500273414924354,0.7030521276199609,0.933396209072267,-173.09683386749288
164,1.0,1.0,2.0,,0.39698492462311563,-0.46733668341708545,0.2087704776361218,-0.2091046921642876,0.8676160551650732,1.0316190933719989,-139.81836497987948
165,1.0,1.0,3.0,0.0,0.1055276381909549,-0.6180904522613065,0.0687000543720173,-0.484348416144795,0.6757430442771599,0.7663650633448573,-47.324905848186454
166,1.0,1.0,3.0,1.0,0.39698492462311563,-0.46733668341708545,0.37154172162066085,-0.4578483676254604,0.7024715542710624,0.7876838831527342,-48.96360067669078
167,1.0,1.0,3.0,2.0,0.4371859296482412,-0.48743718592964824,0.4456865385567145,-0.4510730583148203,0.6513487653743448,0.756695878351429,158.65715651037505
168,1.0,1.0,3.0,3.0,0.5276381909547738,-0.5376884422110553,0.5244937898631011,-0.4448223811798585,0.5845360274250591,0.7564947344467178,169.1997386059227
169,1.0,1.0,3.0,,0.48743718592964824,-0.5175879396984925,0.4681558299946967,-0.4497079598928097,0.6621135863507238,0.7631074865029601,156.2531516334058
170,1.0,1.0,,0.0,-0.3969849246231155,-0.005025125628140725,-0.3494611243052098,0.0037605005171179873,0.7562935929862168,1.0108230311951645,-170.335428615341
171,1.0,1.0,,1.0,-0.2562814070351759,-0.085427135678392,-0.06868317505846186,-0.053265225932232346,0.8801122831130463,1.0618573169726822,-147.3474410911655
172,1.0,1.0,,2.0,0.015075376884422065,-0.2361809045226131,0.12674526472088715,-0.09560832822769127,0.8409254845545733,1.0469418508480313,-153.9257828647668
173,1.0,1.0,,3.0,0.3869346733668342,-0.44723618090452255,0.31522682198746305,-0.14027732824199438,0.7452894794219771,1.023138709146456,-165.651866079174
174,1.0,1.0,,,0.35678391959799005,-0.4371859296482412,0.07523065207962686,-0.08827017598831614,0.9062937178411742,1.097572356577084,-138.00106414185004
175,1.0,2.0,0.0,0.0,-0.48743718592964824,0.045226130653266416,-0.4780830582663951,0.012964658750329549,0.6389493299048352,0.9716614564898347,-177.3604071098511
176,1.0,2.0,0.0,1.0,-0.3266331658291457,-0.045226130653266305,-0.3248636310404575,0.0020430648206617445,0.7431016426973713,0.9586380604233375,-178.54674269599914
177,1.0,2.0,0.0,2.0,-0.11557788944723613,-0.16582914572864316,-0.1663034328362804,-0.007698799204377965,0.7905393036966284,0.9489268534411524,177.4239170603402
178,1.0,2.0,0.0,3.0,-0.045226130653266305,-0.20603015075376885,0.03204218378113222,-0.0076098684896809664,0.7383134735879703,0.9497900389929089,168.9553724159179
179,1.0,2.0,0.0,,-0.14572864321608037,-0.14572864321608037,-0.26463887670544106,0.0043559627561437775,0.8514078357929332,0.9596222495543206,178.9671498532011
180,1.0,2.0,1.0,0.0,-0.4170854271356784,0.005025125628140614,-0.42568985500036205,-0.06313329739391517,0.6753934036707341,1.0087882215860917,-170.39077152945927
181,1.0,2.0,1.0,1.0,-0.20603015075376885,-0.11557788944723613,-0.23056594454641322,-0.10028478208994784,0.8041734361890643,0.9981227655314021,-163.7274310592459
182,1.0,2.0,1.0,2.0,0.005025125628140614,-0.24623115577889443,-0.05167657418528318,-0.13343183043162793,0.8260700031718352,0.9744431876605513,-164.84361577745088
183,1.0,2.0,1.0,3.0,0.15577889447236193,-0.3266331658291457,0.14798748329187217,-0.1563604395456833,0.7716467199491389,0.9515105277894902,-179.45110528128882
184,1.0,2.0,1.0,,0.15577889447236193,-0.3266331658291457,-0.133803930038757,-0.11056708778818394,0.8949716442814708,1.0120603472723275,-147.98611078605396
185,1.0,2.0,2.0,0.0,-0.3467336683417085,-0.035175879396984966,-0.37050014240240364,-0.12967718658511088,0.7047934095235151,1.0478260634353707,-162.5901966056145
186,1.0,2.0,2.0,1.0,-0.13567839195979903,-0.16582914572864316,-0.11763517229404044,-0.20130002763494945,0.8287384187866832,1.051900309670343,-146.80601026925206
187,1.0,2.0,2.0,2.0,0.035175879396984966,-0.6683417085427136,0.07313048516873881,-0.2572039769849983,0.8206650494390695,0.9939450554011112,-149.7101380503516
188,1.0,2.0,2.0,3.0,0.39698492462311563,-0.46733668341708545,0.26385544542834133,-0.2960033222400635,0.7607277878550462,0.9208202526660337,-169.86812883564687
189,1.0,2.0,2.0,,0.31658291457286425,-0.48743718592964824,0.01360647947240462,-0.23038879269610008,0.8689633284205699,1.0717920999057053,-134.2405651713532
190,1.0,2.0,3.0,0.0,-0.07537688442211055,-0.9095477386934674,-0.05176791700487114,-0.5357816373109474,0.6533373780340426,0.7242131305722153,-50.98131730924468
191,1.0,2.0,3.0,1.0,0.085427135678392,-0.8291457286432161,0.22132669947265282,-0.5091802532776356,0.6800691027611114,0.8194937886654667,-66.29322427434727
192,1.0,2.0,3.0,2.0,0.09547738693467345,-0.8492462311557789,0.3249866550470071,-0.49990484458295836,0.6638040846540431,0.7647051401967206,-48.6978758870681
193,1.0,2.0,3.0,3.0,0.48743718592964824,-0.5175879396984925,0.43196718218338165,-0.4879961694499947,0.6291285824393305,0.7461836273003706,151.9248760955425
194,1.0,2.0,3.0,,0.35678391959799005,-0.6180904522613065,0.3424170222699282,-0.49684232573608667,0.6801058477462691,0.7952301609359469,-57.26096543341149
195,1.0,2.0,,0.0,-0.46733668341708545,0.035175879396984966,-0.44171935490571335,-0.03384214119394941,0.676095519033751,1.0058656274210085,-170.36927434150226
196,1.0,2.0,,1.0,-0.3266331658291457,-0.045226130653266305,-0.23375189322856724,-0.08323571497417495,0.8149246087756695,1.0305321194597312,-155.50092831349124
197,1.0,2.0,,2.0,0.005025125628140614,-0.2361809045226131,-0.042036991568134466,-0.1321969218784797,0.8349490681391016,1.0331285360770455,-151.43966261712674
198,1.0,2.0,,3.0,0.1055276381909549,-0.29648241206030146,0.17732773522776274,-0.18212556248545203,0.7902767173009819,1.0022397213200718,-162.17367609354446
199,1.0,2.0,,,-0.13567839195979903,-0.15577889447236182,-0.12709076720980264,-0.10920668803254911,0.8847697373706811,1.0828418816368874,-138.92780622672976
200,1.0,3.0,0.0,0.0,-0.6783919597989949,0.15577889447236193,-0.5588900971999939,-0.04262141025502621,0.5831470568570325,0.9750307788626548,-176.41599096629886
201,1.0,3.0,0.0,1.0,-0.3266331658291457,-0.045226130653266305,-0.4408536876295572,-0.06029471010109215,0.6648033471873455,0.9615691494878872,-175.14977881415155
202,1.0,3.0,0.0,2.0,-0.15577889447236182,-0.14572864321608037,-0.310146071479819,-0.0758637124732528,0.7352053063322239,0.9472510813284877,-173.5014822593868
203,1.0,3.0,0.0,3.0,-0.0653266331658291,-0.1959798994974874,-0.11244364477980581,-0.09635366308788557,0.6977874639471677,0.9224369767800721,-179.31830069504292
204,1.0,3.0,0.0,,-0.48743718592964824,0.045226130653266416,-0.41894256921515205,-0.05946485456117065,0.7436434095668452,0.9625745278009616,-172.5283045727964
205,1.0,3.0,1.0,0.0,-0.6482412060301508,0.13567839195979903,-0.5155769818973981,-0.11007587001901943,0.6181182183024413,1.006091424428175,-171.06501687970453
206,1.0,3.0,1.0,1.0,-0.3266331658291457,-0.045226130653266305,-0.36883444713427654,-0.14964304109644486,0.7132543390528044,0.9945519603910543,-165.57409554611291
207,1.0,3.0,1.0,2.0,0.005025125628140614,-0.4773869346733668,-0.21196523358001615,-0.18731397744399111,0.7615967234759541,0.9755603756409561,-160.08210118038465
208,1.0,3.0,1.0,3.0,0.15577889447236193,-0.3266331658291457,-0.006233621971326318,-0.2312675327729203,0.7242076383840054,0.923431495432778,-167.7496569438105
209,1.0,3.0,1.0,,-0.3467336683417085,-0.035175879396984966,-0.31914959075961535,-0.15681322641815648,0.795226586839506,1.0075193278385233,-155.56200172842284
210,1.0,3.0,2.0,0.0,-0.6281407035175879,0.12562814070351758,-0.4725395287047972,-0.16401823387960796,0.6494760501249548,1.0348533868025762,-165.13176000388518
211,1.0,3.0,2.0,1.0,-0.3266331658291457,-0.045226130653266305,-0.28469130572177376,-0.23080837688742187,0.7489986406806629,1.0365854148162343,-153.37354498117767
212,1.0,3.0,2.0,2.0,-0.005025125628140725,-0.8391959798994975,-0.1024545683730475,-0.2936331071505767,0.7616432030928275,1.0076590757084005,-147.51106489665446
213,1.0,3.0,2.0,3.0,0.22613065326633164,-0.6884422110552764,0.10769306294224211,-0.3558878074925705,0.7195280029717578,0.9087986442736808,-155.83840891676925
214,1.0,3.0,2.0,,0.07537688442211055,-0.7989949748743719,-0.19998940269743093,-0.25414429232239794,0.8015384012355025,1.073477013558938,-140.44780304847055
215,1.0,3.0,3.0,0.0,-0.2361809045226131,-1.0,-0.16606659165821316,-0.5812694147851611,0.6313673323983496,0.6921211930243387,-59.9931305700042
216,1.0,3.0,3.0,1.0,-0.13567839195979903,-1.0,0.05086360730189185,-0.5697577861126056,0.6365557007291376,0.7760493480268346,-77.46324007573145
217,1.0,3.0,3.0,2.0,-0.005025125628140725,-1.0,0.17637410445337728,-0.5626766067792811,0.6313016198717636,0.7190800847053399,-71.16921804053462
218,1.0,3.0,3.0,3.0,0.24623115577889454,-0.8391959798994975,0.29829118360867735,-0.5561922160849968,0.6245002948286629,0.6745709689715266,-54.297297024827195
219,1.0,3.0,3.0,,0.1055276381909549,-0.9396984924623115,0.17086917056508769,-0.5630735203509425,0.637341282544108,0.787416012476043,-78.66777720583751
220,1.0,3.0,,0.0,-0.6783919597989949,0.15577889447236193,-0.53132291281596,-0.08042212393302908,0.6149111488230325,0.9998231453180834,-171.7552732857773
221,1.0,3.0,,1.0,-0.3266331658291457,-0.045226130653266305,-0.37997550929301627,-0.12336994523520609,0.7246834012874316,1.0072187080308592,-162.6671972093823
222,1.0,3.0,,2.0,-0.0653266331658291,-0.1959798994974874,-0.21520748970020878,-0.17085941473532656,0.7739770982873005,1.01708391674693,-153.46796479352915
223,1.0,3.0,,3.0,0.035175879396984966,-0.2562814070351759,0.012479121859932552,-0.2362110607996784,0.738956309837965,0.9816812630610533,-156.33700777980016
224,1.0,3.0,,,-0.46733668341708545,0.035175879396984966,-0.3252602759850231,-0.13945514895464955,0.8013377250657028,1.0425280818906313,-149.96377963370296
225,1.0,,0.0,0.0,-0.6080402010050251,0.11557788944723613,-0.48796348640687515,0.0022085366595712974,0.6704319435336998,0.9797149804146845,178.94824050948085
226,1.0,,0.0,1.0,-0.3266331658291457,-0.045226130653266305,-0.3011738950648511,0.009275456815790395,0.8197696628634908,0.9795531682403339,167.0462037025333
227,1.0,,0.0,2.0,-0.015075376884422065,-0.2160804020100502,-0.11320785689695088,0.02325988336965107,0.8496252787441698,0.9922155964377009,153.81878693787218
228,1.0,,0.0,3.0,0.055276381909547645,-0.20603015075376885,0.11783805320169424,0.050353749180668,0.7673530986742007,0.9955767935107371,156.26953598618528
229,1.0,,0.0,,-0.27638190954773867,-0.07537688442211055,-0.21529257999591664,0.023878667682939128,0.9071916236258926,1.0142895695260006,140.86702089732273
230,1.0,,1.0,0.0,-0.5577889447236181,0.085427135678392,-0.4325760681833541,-0.07026926206838216,0.7210497967877744,1.0090049441587718,-173.4440126955833
231,1.0,,1.0,1.0,-0.3266331658291457,-0.045226130653266305,-0.18776503553571378,-0.09011773166894664,0.9165953221491612,0.9968446836017105,-169.2764059060012
232,1.0,,1.0,2.0,0.15577889447236193,-0.3266331658291457,0.0199447375694816,-0.10164679720718746,0.9207327389152401,0.9832795940924329,176.64128692749915
233,1.0,,1.0,3.0,0.16582914572864316,-0.3266331658291457,0.2424114016869771,-0.10379124593886374,0.8061292297696424,0.9837684352770008,169.94326976778797
234,1.0,,1.0,,0.15577889447236193,-0.3266331658291457,-0.060655624837450975,-0.08873999176257756,0.9893921436928238,1.0271166915718404,-103.81531866251174
235,1.0,,2.0,0.0,-0.5376884422110553,0.07537688442211055,-0.37249286013071653,-0.1336789566605782,0.7643180457925609,1.041915197462976,-163.43197446618956
236,1.0,,2.0,1.0,0.31658291457286425,-0.4170854271356784,-0.05172013362557265,-0.19135353032900318,0.9243080601985924,1.0622375712674383,-133.486571859637
237,1.0,,2.0,2.0,0.4070351758793971,-0.46733668341708545,0.16077287150670666,-0.2279453028934603,0.9032909397076762,0.991632166597648,-146.0336192814088
238,1.0,,2.0,3.0,0.4070351758793971,-0.46733668341708545,0.3597834929039747,-0.25021022102955376,0.779413857609095,0.940774753960886,-179.17407452975527
239,1.0,,2.0,,0.4070351758793971,-0.46733668341708545,0.1068395209564267,-0.20995782076644975,0.9374950159437503,1.0826460741877193,-120.06360992858704
240,1.0,,3.0,0.0,-0.18592964824120606,-1.0,-0.026706547290610963,-0.5219100477069039,0.6625032160905754,0.8049039450462239,-57.84983247068339
241,1.0,,3.0,1.0,0.4572864321608041,-0.4974874371859297,0.3144336866307817,-0.4710327247743739,0.7013111505487507,0.8788190457488813,-60.98411815699196
242,1.0,,3.0,2.0,0.5276381909547738,-0.5376884422110553,0.4174222118456733,-0.4555190694687387,0.6776309873158276,0.8080501838039119,139.04977660539737
243,1.0,,3.0,3.0,0.5979899497487438,-0.5778894472361809,0.5166829854276931,-0.44008582901451726,0.6186954554984264,0.7846459910791189,159.6824046671219
244,1.0,,3.0,,0.5778894472361809,-0.5678391959798995,0.4363168250093116,-0.45218745756935,0.6934190681585108,0.826382181650418,-46.174239368715064
245,1.0,,,0.0,-0.5577889447236181,0.085427135678392,-0.4483765982841888,-0.04277338556817562,0.7218893619902348,1.006724857874095,-173.03956537223692
246,1.0,,,1.0,-0.3266331658291457,-0.045226130653266305,-0.18562887360361835,-0.08087486101651986,0.92238920005882,1.040960859465937,-146.60804517238628
247,1.0,,,2.0,0.005025125628140614,-0.2361809045226131,0.036752703647691745,-0.11204711179320076,0.9298077398578646,1.0431286746887398,-145.52770842660914
248,1.0,,,3.0,0.31658291457286425,-0.4170854271356784,0.27653377800040313,-0.14478641192724984,0.833974957209315,1.0178601436779282,-168.22476421400293
249,1.0,,,,-0.085427135678392,-0.18592964824120606,-0.04669290509376803,-0.09930033085962715,0.967648213905241,1.1122161133935304,-122.92797119433844
250,2.0,0.0,0.0,0.0,-0.1959798994974874,0.31658291457286425,-0.18169754323558804,0.3356720517780291,0.7086437057707415,0.8604580412611849,-167.1311777045553
251,2.0,0.0,0.0,1.0,-0.055276381909547756,0.2361809045226131,0.06930972955900566,0.3185699823927493,0.8263570628817503,0.8529619006002989,-153.9646401023548
252,2.0,0.0,0.0,2.0,0.035175879396984966,0.18592964824120606,0.21299681184462194,0.3082893424367248,0.7633327067839899,0.8450049757086864,175.12437576907732
253,2.0,0.0,0.0,3.0,0.31658291457286425,0.14572864321608048,0.349424294272451,0.3065149356912801,0.6855061959704197,0.8441623292810111,171.33446791943857
254,2.0,0.0,0.0,,0.1959798994974875,0.09547738693467345,0.20212785007325693,0.3146011020271092,0.8438190281038013,0.8449697183239159,-159.56540498251383
255,2.0,0.0,1.0,0.0,-0.1758793969849246,0.306532663316583,-0.11863787469690616,0.24972314296273007,0.7284995278901908,0.9555593473641074,-159.72619513287003
256,2.0,0.0,1.0,1.0,0.4070351758793971,-0.025125628140703515,0.19113067663480665,0.192400210472791,0.8300308607782273,0.9659429258727407,-149.33652951986662
257,2.0,0.0,1.0,2.0,0.4070351758793971,-0.025125628140703515,0.32391630341310496,0.1664527103474473,0.7622247053627002,0.9346354366980352,-168.338750829573
258,2.0,0.0,1.0,3.0,0.4170854271356783,-0.025125628140703515,0.44676034147800164,0.1496160830141902,0.6728752064170259,0.9262434517488238,-177.069476178498
259,2.0,0.0,1.0,,0.4070351758793971,-0.025125628140703515,0.3285615845714083,0.17054386400993143,0.8123908910071058,0.9468894214667606,-158.79863695919826
260,2.0,0.0,2.0,0.0,-0.12562814070351758,0.27638190954773867,-0.050499367828962,0.15776405287994563,0.7377568935609334,1.0543867491031749,-154.66163038301187
261,2.0,0.0,2.0,1.0,0.6582914572864322,-0.1758793969849246,0.3154895427784453,0.0477989849345298,0.802080883401248,1.038109687588114,-149.57748252851547
262,2.0,0.0,2.0,2.0,0.6582914572864322,-0.1758793969849246,0.429651042990573,0.011354760909108723,0.7277126584861326,0.9814132301722356,-164.68063729813986
263,2.0,0.0,2.0,3.0,0.6582914572864322,-0.1758793969849246,0.5327118208034087,-0.014709538782990902,0.6322074085295469,0.9519717015914785,-173.89301469165633
264,2.0,0.0,2.0,,0.6582914572864322,-0.1758793969849246,0.4432296112187438,0.011753118960585507,0.7560502399938895,0.990056789344793,-160.003883824648
265,2.0,0.0,3.0,0.0,0.306532663316583,-0.2864321608040201,0.27375109616354026,-0.2753523833514548,0.6629439297228462,0.8479302596891416,166.47866126254826
266,2.0,0.0,3.0,1.0,0.8190954773869348,-0.26633165829145733,0.5660448666518674,-0.2457775713834752,0.6206625603884065,0.8447765439023656,170.19726187544404
267,2.0,0.0,3.0,2.0,0.8190954773869348,-0.26633165829145733,0.6020019661167176,-0.2421973836135047,0.5673639525801261,0.8418140234903526,172.7657355074391
268,2.0,0.0,3.0,3.0,0.8693467336683418,-0.29648241206030146,0.6487959552352842,-0.2373414547206692,0.5067746601638999,0.8409069848738674,174.8154391496448
269,2.0,0.0,3.0,,0.8693467336683418,-0.29648241206030146,0.6233268536783915,-0.23992275713863956,0.5514349331180303,0.8420538919691369,173.47860915810173
270,2.0,0.0,,0.0,-0.1959798994974874,0.31658291457286425,-0.13389343302310058,0.2715386305475064,0.7244478611470648,0.9628904872443369,-157.10399652469374
271,2.0,0.0,,1.0,-0.035175879396984966,0.22613065326633164,0.19359393679794948,0.17736900204977193,0.8094482352350459,1.0494805119402635,-144.94713066787398
272,2.0,0.0,,2.0,0.20603015075376896,0.085427135678392,0.33447185435950866,0.1363882822156594,0.7543242405950238,1.0173012927603076,-158.10277171627817
273,2.0,0.0,,3.0,0.5577889447236182,-0.11557788944723613,0.4637346348676873,0.09885196243943342,0.672858082692668,1.005089772155645,-167.7146005872735
274,2.0,0.0,,,0.48743718592964824,-0.07537688442211055,0.3385226285894102,0.1350323986221499,0.7955465614439897,1.0412092818450014,-151.2686148995793
275,2.0,1.0,0.0,0.0,-0.31658291457286436,0.3869346733668342,-0.3407176250823397,0.251967295165158,0.7255399002067122,0.9340534995894714,-179.97361903027476
276,2.0,1.0,0.0,1.0,-0.1959798994974874,0.31658291457286425,-0.11837591514894999,0.24713788309941176,0.8426573706753712,0.9086629367943938,175.4335746771247
277,2.0,1.0,0.0,2.0,0.025125628140703515,0.1959798994974875,0.055370704799722836,0.24208881428858064,0.8095482129329583,0.8899537124706282,171.46339737835126
278,2.0,1.0,0.0,3.0,0.20603015075376896,0.085427135678392,0.2288630245574035,0.2415806547290915,0.72393356233726,0.877261127061108,170.47696932442778
279,2.0,1.0,0.0,,0.13567839195979903,0.12562814070351758,-0.00238168946175491,0.245797539025946,0.8942966203708318,0.9217739591240055,-66.87509581766008
280,2.0,1.0,1.0,0.0,-0.29648241206030146,0.37688442211055273,-0.28687795332058846,0.17789550995016376,0.7618114019695121,0.9981162668184118,-169.8475568701584
281,2.0,1.0,1.0,1.0,-0.12562814070351758,0.27638190954773867,-0.007567672431684255,0.1382247449213511,0.8809239077425319,0.99551170486093,-152.2227273760852
282,2.0,1.0,1.0,2.0,0.20603015075376896,0.085427135678392,0.16850450584111318,0.11141024273632366,0.8267425520420187,0.962477406035568,-165.14343267472873
283,2.0,1.0,1.0,3.0,0.39698492462311563,-0.035175879396984966,0.3334676786195625,0.09100410984421067,0.728207036632275,0.9423390733997917,-176.49271764428474
284,2.0,1.0,1.0,,0.39698492462311563,-0.035175879396984966,0.13319530448607994,0.11905612809825465,0.9050472930678832,0.9966961890555611,-141.03138104677058
285,2.0,1.0,2.0,0.0,-0.26633165829145733,0.35678391959799005,-0.22885779027698272,0.10475056310754906,0.7842626337755594,1.0700229915397497,-160.50706061355996
286,2.0,1.0,2.0,1.0,0.306532663316583,-0.1959798994974874,0.1170845316496134,0.01511146838833541,0.8688436614247057,1.0843038761085362,-143.5235428325464
287,2.0,1.0,2.0,2.0,0.5979899497487438,-0.18592964824120606,0.2844497462090456,-0.031233487723145662,0.8040618761992285,1.0132669554618206,-157.85070675736233
288,2.0,1.0,2.0,3.0,0.6482412060301508,-0.1758793969849246,0.4314809357048577,-0.0661124065144232,0.6981146589854511,0.9636687657210083,-171.66587502166175
289,2.0,1.0,2.0,,0.6482412060301508,-0.1758793969849246,0.2688344443283482,-0.024027546999536638,0.8606810285937889,1.0514031027658677,-144.4362532818974
290,2.0,1.0,3.0,0.0,0.2361809045226131,-0.35678391959798994,0.13178761317542212,-0.35794022236441825,0.6952675432947063,0.8536546081675402,152.86644789193045
291,2.0,1.0,3.0,1.0,0.6582914572864322,-0.24623115577889443,0.44699994701874063,-0.31380448777002273,0.6964844061180325,0.8482789987951137,155.18759911269166
292,2.0,1.0,3.0,2.0,0.728643216080402,-0.2160804020100502,0.5083673697212228,-0.30493685456782704,0.629268731489645,0.8322639571196471,165.64823896686195
293,2.0,1.0,3.0,3.0,0.778894472361809,-0.24623115577889443,0.5762644395791493,-0.2960678932020793,0.5600992704152695,0.827710456582073,170.8099236480022
294,2.0,1.0,3.0,,0.7587939698492463,-0.2361809045226131,0.5315868038110811,-0.30228713619119785,0.6301129097750824,0.8342945617505124,165.46875646200934
295,2.0,1.0,,0.0,-0.31658291457286436,0.3869346733668342,-0.302827675830723,0.20305912861744976,0.7600032233331706,0.9909109608397135,-168.7764663848605
296,2.0,1.0,,1.0,-0.1758793969849246,0.306532663316583,-0.011479207770457835,0.14107942449255573,0.866563815401019,1.0541476672104828,-144.57649265724652
297,2.0,1.0,,2.0,0.035175879396984966,0.18592964824120606,0.17419058214542155,0.09860536747395421,0.8209709596483008,1.0342770374697285,-153.4311979631978
298,2.0,1.0,,3.0,0.22613065326633164,0.07537688442211055,0.34967937578328684,0.054601750803577986,0.7315690535354161,1.0137577577341583,-165.02037600777683
299,2.0,1.0,,,0.20603015075376896,0.085427135678392,0.1366756583280307,0.10306402148677685,0.88470037901321,1.083025605739077,-138.999849053149
300,2.0,2.0,0.0,0.0,-0.3869346733668342,0.42713567839195976,-0.4394037904762625,0.20454450137881697,0.6573813537658035,0.963591901579124,-176.60595793792882
301,2.0,2.0,0.0,1.0,-0.31658291457286436,0.3869346733668342,-0.2672072576678733,0.19120807097478504,0.7793037954371107,0.9435686744648579,-176.46287911586606
302,2.0,2.0,0.0,2.0,-0.005025125628140725,0.20603015075376896,-0.09778150630495572,0.17856520961735003,0.8163387223242893,0.9263142148282605,179.04292062690558
303,2.0,2.0,0.0,3.0,0.0653266331658291,0.16582914572864316,0.10208356372188818,0.17558157611574088,0.760289367941922,0.9140798188635624,168.46162620882603
304,2.0,2.0,0.0,,-0.31658291457286436,0.3869346733668342,-0.18630147044126064,0.19100663475598462,0.8929395801899032,0.9385384493850277,-174.7213938072768
305,2.0,2.0,1.0,0.0,-0.35678391959798994,0.4070351758793971,-0.39605567896869864,0.13530034606241878,0.6900179831167639,1.024980509615473,-170.38604809591794
306,2.0,2.0,1.0,1.0,-0.31658291457286436,0.37688442211055273,-0.178064974648537,0.09462287458728892,0.838481022574945,1.017837709833039,-161.03186680126092
307,2.0,2.0,1.0,2.0,0.015075376884422065,0.15577889447236193,0.009316005994860106,0.05899569167331618,0.8511006109446442,0.992873345464567,-163.28364172977845
308,2.0,2.0,1.0,3.0,0.37688442211055273,-0.0653266331658291,0.21099702883241866,0.035190352317380186,0.7869352824291547,0.9624563870833596,-178.41959483424657
309,2.0,2.0,1.0,,-0.3065326633165829,0.37688442211055273,-0.06230230288791878,0.08026056456987195,0.9190770290663519,1.033038262967347,-142.53264193737846
310,2.0,2.0,2.0,0.0,-0.33668341708542715,0.39698492462311563,-0.35064412205671314,0.07227913642934841,0.7168303288868983,1.084816012220059,-164.02624208294884
311,2.0,2.0,2.0,1.0,-0.31658291457286436,0.37688442211055273,-0.07170453158296508,-0.008040090597104768,0.8631229524933797,1.1027361652989909,-147.63194179188594
312,2.0,2.0,2.0,2.0,0.015075376884422065,0.005025125628140614,0.12583282190464418,-0.06818841549930064,0.8511681841046321,1.04814605539241,-152.8967388492719
313,2.0,2.0,2.0,3.0,0.6080402010050252,-0.2160804020100502,0.31916055763061585,-0.1101726673056514,0.7751287505503743,0.9787273299302683,-170.63394674419183
314,2.0,2.0,2.0,,0.4974874371859297,-0.2562814070351759,0.07483775288402736,-0.043620226315812,0.9013192451047373,1.114071774968202,-137.34459750774926
315,2.0,2.0,3.0,0.0,0.035175879396984966,-0.6783919597989949,-0.0003861705795786322,-0.4336522777671076,0.6838821582244755,0.824785905893139,150.92080354971256
316,2.0,2.0,3.0,1.0,0.07537688442211055,-0.7889447236180904,0.30728047712771617,-0.3800189562544931,0.7213972440171895,0.8848875660893623,135.49181130087277
317,2.0,2.0,3.0,2.0,0.46733668341708534,-0.3869346733668342,0.40111351225433606,-0.36459210213104803,0.6730426596114364,0.8483886545717024,150.2317571951339
318,2.0,2.0,3.0,3.0,0.6984924623115578,-0.2562814070351759,0.49861758838697995,-0.3458384975438976,0.6144471835650424,0.8338491458985218,160.77499678217114
319,2.0,2.0,3.0,,0.6381909547738693,-0.2864321608040201,0.42347106641302384,-0.35906264675436844,0.6905589135368867,0.8594424547588018,146.80088695320936
320,2.0,2.0,,0.0,-0.3869346733668342,0.42713567839195976,-0.410977372434971,0.16322122045702359,0.6863404442253495,1.010529633574424,-170.51018111892162
321,2.0,2.0,,1.0,-0.31658291457286436,0.37688442211055273,-0.1871097553944024,0.11156519029875984,0.8350055226717616,1.0432299678572206,-153.97667790359083
322,2.0,2.0,,2.0,0.015075376884422065,0.1959798994974875,0.008478453951388285,0.06287779600877318,0.8485493592694231,1.0460475818974058,-152.1147247791421
323,2.0,2.0,,3.0,0.13567839195979903,0.12562814070351758,0.22418786405461272,0.015021247585494737,0.7968454573191461,1.0195553528863435,-163.3747718280024
324,2.0,2.0,,,-0.31658291457286436,0.3869346733668342,-0.06636692410483336,0.08281496369141206,0.9005514144463863,1.0965503873349165,-138.13884237937432
325,2.0,3.0,0.0,0.0,-0.6381909547738693,0.5477386934673367,-0.5302819175899997,0.14537221058535252,0.6037181480372156,0.9977165416709369,-176.66857708387298
326,2.0,3.0,0.0,1.0,-0.31658291457286436,0.3668341708542713,-0.40088824222493363,0.12687373373466615,0.6912471348169021,0.9813750994712321,-174.99214596501326
327,2.0,3.0,0.0,2.0,-0.09547738693467334,0.256281407035176,-0.2590819384086093,0.10921886627304145,0.7547157583943057,0.9623058186778352,-172.91041261930638
328,2.0,3.0,0.0,3.0,-0.005025125628140725,0.20603015075376896,-0.05956719650387454,0.08778995875336769,0.7119884618503397,0.9305809207434791,-177.96800402817857
329,2.0,3.0,0.0,,-0.44723618090452255,0.44723618090452266,-0.3672649247704038,0.1254304388222524,0.7796630546021314,0.979888750064352,-171.2657721806646
330,2.0,3.0,1.0,0.0,-0.6281407035175879,0.5376884422110553,-0.49493163872903245,0.08175135024009512,0.6336149901304389,1.0494823588342295,-172.06424507071733
331,2.0,3.0,1.0,1.0,-0.31658291457286436,0.33668341708542715,-0.33686735368395787,0.03967511316259084,0.7387228480805653,1.0424434656791135,-166.543236484741
332,2.0,3.0,1.0,2.0,0.015075376884422065,0.025125628140703515,-0.171557991027943,-0.0018982895930603344,0.7829035185923577,1.0249359143438008,-162.19489986130475
333,2.0,3.0,1.0,3.0,0.2160804020100502,-0.2562814070351759,0.03748292013102598,-0.04828879449587434,0.7385409426618064,0.9762416129322091,-168.77895744538694
334,2.0,3.0,1.0,,-0.4170854271356784,0.4170854271356783,-0.2756085493452695,0.028182555373798136,0.8261613051755885,1.053370118423797,-156.64516282944817
335,2.0,3.0,2.0,0.0,-0.6281407035175879,0.5376884422110553,-0.4597680379403136,0.029015751365883746,0.6605591086880638,1.0942054088067446,-167.29094277755894
336,2.0,3.0,2.0,1.0,-0.31658291457286436,0.31658291457286425,-0.26104398981673727,-0.04439680866377929,0.7762784296004043,1.1069749811324778,-156.70800461862922
337,2.0,3.0,2.0,2.0,0.005025125628140614,-0.40703517587939697,-0.07250591361431763,-0.11453958388504193,0.7922369995288386,1.0838331443980112,-152.97726480181655
338,2.0,3.0,2.0,3.0,0.2864321608040201,-0.46733668341708545,0.14269888122866597,-0.1842812226171772,0.7416016263129236,0.997825673644393,-161.0037450725785
339,2.0,3.0,2.0,,-0.3969849246231155,0.3869346733668342,-0.16630889386663994,-0.0748803223055362,0.8378637503279597,1.1388310616892696,-145.14697099371628
340,2.0,3.0,3.0,0.0,-0.22613065326633164,-1.0,-0.12846929496297402,-0.5028119927746916,0.6663794839029876,0.7759698537514459,150.84742371952967
341,2.0,3.0,3.0,1.0,-0.12562814070351758,-1.0,0.11259800051537844,-0.47529088387292817,0.7073292781427513,0.8264791001880165,-55.68455828421531
342,2.0,3.0,3.0,2.0,-0.005025125628140725,-0.949748743718593,0.23360387902011517,-0.4610732253377307,0.6787053341261147,0.7809107984242035,141.47092139255204
343,2.0,3.0,3.0,3.0,0.3266331658291457,-0.6180904522613065,0.3515397053653731,-0.44721125563977654,0.6378426358891037,0.7585835170161053,156.67716735946993
344,2.0,3.0,3.0,,0.2160804020100502,-0.7185929648241206,0.23663200682811725,-0.4605213242776097,0.7048103143299377,0.8190814652598336,-54.66473461440105
345,2.0,3.0,,0.0,-0.6381909547738693,0.5477386934673367,-0.5087291963967935,0.11060442921122932,0.6284085970167924,1.0326082901285942,-172.76175651095963
346,2.0,3.0,,1.0,-0.31658291457286436,0.35678391959799005,-0.34939083448412595,0.06648279380502806,0.7424296031860097,1.043995889936781,-164.21370833227238
347,2.0,3.0,,2.0,-0.0653266331658291,0.20603015075376896,-0.17985082138724026,0.017507520323223863,0.7885545580313814,1.0545312808142233,-156.9491718475052
348,2.0,3.0,,3.0,0.025125628140703515,0.14572864321608048,0.04472528747862183,-0.047932903910852954,0.7473168250008738,1.0296068514922707,-160.1044991476995
349,2.0,3.0,,,-0.4371859296482412,0.4371859296482412,-0.2863263664940137,0.046897019552718425,0.8246684757906388,1.0784342716941095,-152.23842458497208
350,2.0,,0.0,0.0,-0.4974874371859297,0.48743718592964824,-0.435572847384616,0.19707596538781585,0.7088842652595566,0.9748612117838474,178.4904483842883
351,2.0,,0.0,1.0,-0.31658291457286436,0.3869346733668342,-0.21379251226635498,0.20315128430965212,0.8697650696652297,0.9588392221335589,159.2527279631343
352,2.0,,0.0,2.0,0.015075376884422065,0.1959798994974875,-0.014703346117323577,0.2122706615625794,0.8630511944460866,0.9539170997167526,143.94182470022687
353,2.0,,0.0,3.0,0.1758793969849246,0.1055276381909549,0.20515231642628154,0.2293595773553579,0.7695840691403265,0.9240581781494394,154.86367194994523
354,2.0,,0.0,,-0.055276381909547756,0.2361809045226131,-0.10085266042232008,0.2139411944188129,0.913549852492896,1.0126832827019647,-62.17114559242159
355,2.0,,1.0,0.0,-0.4974874371859297,0.48743718592964824,-0.3869849154356874,0.1299371198787579,0.75589744394406,1.0264062942663774,-173.74863671907494
356,2.0,,1.0,1.0,-0.3065326633165829,0.37688442211055273,-0.10238401250661587,0.10750015992897781,0.9558137832955406,1.0062457742722373,-156.66768178167118
357,2.0,,1.0,2.0,0.025125628140703515,0.18592964824120606,0.10880952045439338,0.0933642728414455,0.9274802647504716,0.9767751351959957,-176.26121717665407
358,2.0,,1.0,3.0,0.4070351758793971,-0.025125628140703515,0.3177582039285824,0.08723748380822405,0.7929636001874698,0.9589219290359292,173.79446159642907
359,2.0,,1.0,,0.4070351758793971,-0.025125628140703515,0.04512049818470576,0.10375631243456152,0.9805808488435708,1.0437278616088062,-103.7861923985915
360,2.0,,2.0,0.0,-0.4773869346733668,0.4773869346733668,-0.3349041688887968,0.0682955991404108,0.7946665530986202,1.0793819909199616,-164.7055277054113
361,2.0,,2.0,1.0,-0.3065326633165829,0.37688442211055273,0.026929360129943,0.0016541667478105482,0.9502233652999049,1.1011467991743924,-134.6331779982205
362,2.0,,2.0,2.0,0.6482412060301508,-0.1758793969849246,0.23659577437731785,-0.03704557733463279,0.9050896945918944,1.0228748333555395,-152.3751030844141
363,2.0,,2.0,3.0,0.6582914572864322,-0.1758793969849246,0.4228732527468874,-0.062465674657838643,0.762207856324232,0.9689402777373168,-176.209837105171
364,2.0,,2.0,,0.6582914572864322,-0.1758793969849246,0.19621879572803796,-0.02335442026355798,0.9503834816879962,1.0932609270475704,-126.93139003042131
365,2.0,,3.0,0.0,-0.1758793969849246,-1.0,0.04674526006627604,-0.40372642891106403,0.7036824793064383,0.8999534120865446,139.3024105206021
366,2.0,,3.0,1.0,0.778894472361809,-0.24623115577889443,0.4137996205140385,-0.32283689930338055,0.7204872143883866,0.9157297548324393,139.2044632279381
367,2.0,,3.0,2.0,0.7989949748743719,-0.2562814070351759,0.49802282956297295,-0.3039743630064278,0.6606152007032238,0.8684476309948068,155.32994045929945
368,2.0,,3.0,3.0,0.8190954773869348,-0.26633165829145733,0.5802126757066683,-0.2857628393924773,0.5836852786993393,0.8494071204006846,165.9624753879577
369,2.0,,3.0,,0.8190954773869348,-0.26633165829145733,0.5194000043097899,-0.29921011057693864,0.6700940753203188,0.8726054142219282,154.15963018570764
370,2.0,,,0.0,-0.4974874371859297,0.48743718592964824,-0.4026999532140147,0.15612765094527373,0.7514134683708507,1.0143841235796356,-173.52623916957333
371,2.0,,,1.0,-0.31658291457286436,0.3869346733668342,-0.1092401555623828,0.1155254182052607,0.9398997356971647,1.0544335276606966,-140.5999984570926
372,2.0,,,2.0,0.015075376884422065,0.1959798994974875,0.11178328403310926,0.08491595141340057,0.9217790534119202,1.0412239532909264,-146.54643843565813
373,2.0,,,3.0,0.39698492462311563,-0.025125628140703515,0.33341469868155127,0.05319905628099907,0.809193630308275,1.0126739915532095,-167.71732795875113
374,2.0,,,,0.085427135678392,0.15577889447236193,0.04463096044477762,0.09357877737752178,0.9663705316363961,1.1132142793425168,-123.00096589568234
375,3.0,0.0,0.0,0.0,-0.1959798994974874,0.829145728643216,-0.12851360368524245,0.48303727550401404,0.6781506251584392,0.7708145068356677,-136.37103778811687
376,3.0,0.0,0.0,1.0,-0.045226130653266305,0.7386934673366834,0.14218515614292562,0.4565165045308521,0.731113528252268,0.8425995669574896,-105.67256474781716
377,3.0,0.0,0.0,2.0,0.1055276381909549,0.6582914572864322,0.2754094914662421,0.4425610601546962,0.737607094358411,0.76225916941868,-122.68787083150572
378,3.0,0.0,0.0,3.0,0.46733668341708534,0.5778894472361809,0.4016200390633162,0.43527465557982625,0.6749780760001055,0.7466074005545356,176.39358966431848
379,3.0,0.0,0.0,,0.37688442211055273,0.5778894472361809,0.2759596156023941,0.4465960858028901,0.7387053702833446,0.8258402974899326,-102.74503849334064
380,3.0,0.0,1.0,0.0,-0.18592964824120606,0.8090452261306533,-0.07264084669530109,0.4212988627870169,0.6919314785099121,0.8672588380514443,-141.02565289930308
381,3.0,0.0,1.0,1.0,0.6180904522613067,0.22613065326633164,0.25497344699730073,0.3546066096097325,0.7681107048286832,0.9193684179444969,-129.5777075316007
382,3.0,0.0,1.0,2.0,0.6180904522613067,0.22613065326633164,0.3770399052384842,0.3282233141635993,0.7333495895136695,0.8592008029673656,-155.47873733661083
383,3.0,0.0,1.0,3.0,0.6683417085427137,0.2864321608040201,0.49002842457780443,0.3089156635777363,0.6525624251591529,0.8451245008311161,-172.4912170673682
384,3.0,0.0,1.0,,0.6683417085427137,0.2864321608040201,0.38810311947340187,0.32927343403514403,0.7610163520974954,0.879045541776314,-143.7294892809581
385,3.0,0.0,2.0,0.0,-0.18592964824120606,0.7989949748743719,-0.015879823216070725,0.35384740527540187,0.6976825397657308,0.9736200411281747,-142.6820829183273
386,3.0,0.0,2.0,1.0,0.829145728643216,0.035175879396984966,0.3645350558798621,0.22921885245144008,0.7546913131588314,1.003504463124754,-141.5897501006656
387,3.0,0.0,2.0,2.0,0.8693467336683418,0.085427135678392,0.470996740375609,0.19278031465922468,0.698679175447703,0.9417610314371959,-158.3974820791667
388,3.0,0.0,2.0,3.0,0.879396984924623,0.09547738693467345,0.567167589388856,0.16331931106953396,0.611964508536982,0.9139935595661868,-170.15797631906287
389,3.0,0.0,2.0,,0.879396984924623,0.09547738693467345,0.48724754100448225,0.1894355653883458,0.7175436684799481,0.9507085136431084,-154.76266397290038
390,3.0,0.0,3.0,0.0,0.3668341708542713,-0.14572864321608037,0.35635067229828205,-0.07896765121937456,0.6496394208545201,0.8477583840859039,177.0576645970191
391,3.0,0.0,3.0,1.0,0.9899497487437185,-0.035175879396984966,0.6289212520733584,-0.07237883258405182,0.5673766705346269,0.8534587504270612,176.22201597876452
392,3.0,0.0,3.0,2.0,1.0,-0.035175879396984966,0.6545186487498444,-0.07207693314073912,0.5236911523378555,0.8535457108982921,176.48352678674786
393,3.0,0.0,3.0,3.0,1.0,-0.035175879396984966,0.6904751227236494,-0.07076411573976825,0.4697557737117767,0.8544974763633997,176.97750112193836
394,3.0,0.0,3.0,,1.0,-0.035175879396984966,0.6723370742268541,-0.07120944718493742,0.5043784194894854,0.8542168084779941,176.76730664716473
395,3.0,0.0,,0.0,-0.18592964824120606,0.8190954773869348,-0.09088596242102298,0.4394231739524488,0.6842173611687103,0.866237413931874,-140.3036177368237
396,3.0,0.0,,1.0,-0.035175879396984966,0.7185929648241207,0.24298650186859325,0.34698412718106775,0.7563366319891242,0.9856903704405069,-134.48113828451
397,3.0,0.0,,2.0,0.1758793969849246,0.5879396984924623,0.3723813486836592,0.3109224514698367,0.7210674316231155,0.9407374216012306,-151.24572016487355
398,3.0,0.0,,3.0,0.6180904522613067,0.3668341708542713,0.49199858952598957,0.27694249105556484,0.6506064538361642,0.9285678143877049,-164.51875786928312
399,3.0,0.0,,,0.5276381909547738,0.4070351758793971,0.38245339506347525,0.307478517349086,0.7496708266158053,0.9666706512354383,-144.73431315725608
400,3.0,1.0,0.0,0.0,-0.27638190954773867,0.7688442211055277,-0.27012631960084704,0.44638285980737524,0.7044695482097179,0.7880648598979884,-146.22147553430554
401,3.0,1.0,0.0,1.0,-0.14572864321608037,0.7185929648241207,-0.029534605615788745,0.42189008681363377,0.758503812806717,0.8606549768726836,-109.53857996233499
402,3.0,1.0,0.0,2.0,0.035175879396984966,0.6080402010050252,0.13435169015072077,0.4040463028355505,0.7641907339721161,0.8075493610628715,-118.1366029426413
403,3.0,1.0,0.0,3.0,0.1959798994974875,0.4070351758793971,0.2927989647662277,0.39275329581156654,0.7183076977626882,0.7756905097137823,178.04852607158057
404,3.0,1.0,0.0,,0.0653266331658291,0.5175879396984926,0.09900711267319794,0.4112157326967292,0.7670334929026098,0.904401578682838,-101.59240942221797
405,3.0,1.0,1.0,0.0,-0.26633165829145733,0.7487437185929648,-0.2232706066284314,0.3939543329126927,0.7137517586944276,0.8790136809518666,-144.49967377524715
406,3.0,1.0,1.0,1.0,-0.11557788944723613,0.6783919597989949,0.07523750611077326,0.33236881911269955,0.789416585164597,0.9629762487689465,-126.17202519245639
407,3.0,1.0,1.0,2.0,0.055276381909547645,0.5376884422110553,0.23834422264456334,0.29636012316713234,0.7765158674501549,0.9010978461098317,-144.42786961755462
408,3.0,1.0,1.0,3.0,0.5276381909547738,0.11557788944723613,0.38887137433261043,0.26884954014402684,0.7087562498587964,0.8698477289759945,-168.8471988958268
409,3.0,1.0,1.0,,0.4773869346733668,0.055276381909547645,0.22072567157802636,0.3032138444268803,0.8062970220382502,0.9624489254374103,-125.2751413196246
410,3.0,1.0,2.0,0.0,-0.26633165829145733,0.7487437185929648,-0.1760521267452897,0.33943835804237327,0.7178574500656036,0.9772041088294282,-143.4981600961851
411,3.0,1.0,2.0,1.0,-0.09547738693467334,0.6482412060301508,0.18645620730519483,0.22229192972819647,0.7884681237286275,1.0679937810864217,-134.18241209139012
412,3.0,1.0,2.0,2.0,0.7386934673366834,-0.0653266331658291,0.3412693099182779,0.16932728567750394,0.7565332700454479,0.9883327208224598,-149.40195742158141
413,3.0,1.0,2.0,3.0,0.778894472361809,-0.025125628140703515,0.4771200072590889,0.12702346982893092,0.6760912274402512,0.9386507797675884,-166.25634636657125
414,3.0,1.0,2.0,,0.7688442211055277,-0.035175879396984966,0.33723765064195194,0.17251392111579306,0.7900479013927426,1.0294902401285273,-139.37341528518516
415,3.0,1.0,3.0,0.0,0.29648241206030157,-0.1758793969849246,0.24491472941606687,-0.1403017605169256,0.6822398082787825,0.8445289722637204,175.7510339882862
416,3.0,1.0,3.0,1.0,0.8190954773869348,-0.11557788944723613,0.5410056752019645,-0.1277092630169091,0.6453355219288199,0.8517425963001838,172.3457923450089
417,3.0,1.0,3.0,2.0,0.8592964824120604,-0.10552763819095479,0.5816806762025252,-0.1264470144373352,0.5853836813001906,0.8509649946846279,173.67607807389743
418,3.0,1.0,3.0,3.0,0.9095477386934674,-0.09547738693467334,0.633069067315297,-0.12356413115858486,0.5217260080765025,0.8525041577527391,174.76076008375426
419,3.0,1.0,3.0,,0.8894472361809045,-0.09547738693467334,0.6039874403944595,-0.12481816195255446,0.572458048321607,0.8523881441036045,174.00773184046747
420,3.0,1.0,,0.0,-0.26633165829145733,0.7587939698492463,-0.2405118143356486,0.412648898580851,0.7083406862555839,0.8667297988641922,-143.87964125055387
421,3.0,1.0,,1.0,-0.13567839195979903,0.6984924623115578,0.059700521253463056,0.3359302179695044,0.7769028487931207,1.0081948516095536,-129.8318470638531
422,3.0,1.0,,2.0,0.035175879396984966,0.5979899497487438,0.23008778077207329,0.2905116161059557,0.762363009705818,0.9709216556513413,-143.41268707542318
423,3.0,1.0,,3.0,0.27638190954773867,0.31658291457286425,0.38922733564868905,0.24643527384025266,0.7039436336704081,0.9482036817474291,-160.1462058918025
424,3.0,1.0,,,0.085427135678392,0.4572864321608041,0.2095696426576033,0.2938542033530909,0.7979773631909184,1.0312225048452688,-131.14006798626627
425,3.0,2.0,0.0,0.0,-0.42713567839195976,0.6984924623115578,-0.38447999981910863,0.41829108263898573,0.6532568173271099,0.8044395477323029,-158.10032842019882
426,3.0,2.0,0.0,1.0,-0.3065326633165829,0.5276381909547738,-0.18851820316807222,0.3902858386169653,0.7610409785839669,0.8486609965108983,-127.9780050009159
427,3.0,2.0,0.0,2.0,0.025125628140703515,0.4070351758793971,-0.011868126158688453,0.3663789035651726,0.7883663524047262,0.8466706964922202,-120.00482030772568
428,3.0,2.0,0.0,3.0,0.12562814070351758,0.3668341708542713,0.18207642465725246,0.3523240254579995,0.7728355388826447,0.8064166091658528,167.37403072277036
429,3.0,2.0,0.0,,-0.33668341708542715,0.5376884422110553,-0.08322750814527932,0.3832147169221387,0.7863498353977985,0.9337655670079134,-105.92964401037622
430,3.0,2.0,1.0,0.0,-0.4170854271356784,0.6683417085427137,-0.34802677529614656,0.37306299832143286,0.6680028211339798,0.8834367345455567,-152.98266678110713
431,3.0,2.0,1.0,1.0,-0.3065326633165829,0.5175879396984926,-0.1003561694049551,0.3150621836984804,0.7878008697140876,0.9691145518236153,-130.7854748525316
432,3.0,2.0,1.0,2.0,0.025125628140703515,0.306532663316583,0.09079334385338415,0.2690583865280216,0.8112244131650952,0.9441553631593976,-135.93738927506547
433,3.0,2.0,1.0,3.0,0.4572864321608041,0.035175879396984966,0.2854143475563985,0.2357779914030282,0.7794992417532738,0.891297240584562,-165.3414954607371
434,3.0,2.0,1.0,,-0.29648241206030146,0.4974874371859297,0.03619304955187688,0.2897914527752371,0.8232715131592389,1.02775560470935,-120.02096048404601
435,3.0,2.0,2.0,0.0,-0.4170854271356784,0.6683417085427137,-0.31207556917581103,0.32931334306179527,0.677955391420596,0.9664386823336584,-149.47449413965018
436,3.0,2.0,2.0,1.0,-0.3065326633165829,0.5075376884422111,-0.0003268272270129449,0.2252152265791268,0.7965546630888392,1.0944404962054313,-132.5782619899994
437,3.0,2.0,2.0,2.0,0.025125628140703515,0.24623115577889454,0.1981049848761188,0.15556492434820435,0.8068084892275269,1.0380112602324099,-140.60172310626677
438,3.0,2.0,2.0,3.0,0.7185929648241207,-0.09547738693467334,0.38443548932727867,0.10246432330587035,0.7545383682679861,0.9606558468106856,-161.39344732877325
439,3.0,2.0,2.0,,0.6683417085427137,-0.10552763819095479,0.16069675001612052,0.17533454277265503,0.8255185405859854,1.1167087148407966,-129.21859654378252
440,3.0,2.0,3.0,0.0,0.085427135678392,-0.31658291457286436,0.12374679427290869,-0.20188852928967133,0.7034440517211359,0.8413064245534931,173.76746927554294
441,3.0,2.0,3.0,1.0,0.6582914572864322,-0.18592964824120606,0.4423962702204223,-0.17405347300083301,0.7235728904543872,0.8629278049761003,159.4749778911906
442,3.0,2.0,3.0,2.0,0.7386934673366834,-0.16582914572864316,0.5074128921163312,-0.1698614737135653,0.6502546438122148,0.8582164318105194,165.7809352869814
443,3.0,2.0,3.0,3.0,0.8190954773869348,-0.13567839195979903,0.5810130431810225,-0.16070915210735828,0.5769111632996632,0.8573708094102651,169.87450316567893
444,3.0,2.0,3.0,,0.7889447236180904,-0.14572864321608037,0.5333356298633579,-0.16500276920849638,0.6496296356976747,0.8594679696567226,166.5187191113952
445,3.0,2.0,,0.0,-0.42713567839195976,0.6984924623115578,-0.362794914415117,0.3918291801835785,0.6624474920124019,0.8634646652886616,-153.17292438026612
446,3.0,2.0,,1.0,-0.3065326633165829,0.5175879396984926,-0.11765307409452651,0.3268985177582701,0.7713981076775561,0.9932857249936794,-131.8188797656847
447,3.0,2.0,,2.0,0.025125628140703515,0.3668341708542713,0.07813067115464592,0.27344080776060903,0.7951937953711505,0.9971727465750563,-136.47851352229847
448,3.0,2.0,,3.0,0.1758793969849246,0.29648241206030157,0.2826760969855644,0.22295267381921152,0.7711934399442385,0.9623540664875118,-154.6089378542024
449,3.0,2.0,,,-0.3266331658291457,0.5276381909547738,0.01960560638206984,0.29178059110130944,0.8117258468824143,1.0746050458945167,-124.56674101686443
450,3.0,3.0,0.0,0.0,-0.6281407035175879,0.6582914572864322,-0.48387925217754507,0.3880627398136727,0.6083240906389217,0.8222579911851179,-163.86592251903645
451,3.0,3.0,0.0,1.0,-0.31658291457286436,0.4773869346733668,-0.3406826805388274,0.3556470307709906,0.6859291584136527,0.8480110070979743,-154.3597292517745
452,3.0,3.0,0.0,2.0,-0.085427135678392,0.3467336683417086,-0.18895689133846197,0.32307416450144316,0.7260448295919706,0.8657765149180374,-147.86079029990807
453,3.0,3.0,0.0,3.0,-0.005025125628140725,0.306532663316583,0.0045802006700722524,0.2863322798045542,0.7037711929232742,0.8422630389552569,-163.049045918429
454,3.0,3.0,0.0,,-0.44723618090452255,0.5577889447236182,-0.2906889112928755,0.3478273791651256,0.7435533594109853,0.8911040227152909,-136.00308883388337
455,3.0,3.0,1.0,0.0,-0.6281407035175879,0.6582914572864322,-0.45611154790159986,0.3489243386775349,0.6219155977506721,0.888999535676736,-159.09943022637964
456,3.0,3.0,1.0,1.0,-0.31658291457286436,0.4572864321608041,-0.28248904120034884,0.29147514913517725,0.7070182226113544,0.9507701984329413,-147.6458384660574
457,3.0,3.0,1.0,2.0,0.015075376884422065,0.20603015075376896,-0.1095344817337819,0.23329975850752677,0.7357551370353805,0.9735253743889098,-145.39459023233726
458,3.0,3.0,1.0,3.0,0.14572864321608048,0.0653266331658291,0.09541430916870094,0.17076930261404488,0.7139876005380297,0.9361496260302067,-156.5635167632396
459,3.0,3.0,1.0,,-0.42713567839195976,0.5376884422110553,-0.20487233471952693,0.2677685224792206,0.7557245820623294,1.0170913405614443,-135.47390718624823
460,3.0,3.0,2.0,0.0,-0.6281407035175879,0.6582914572864322,-0.43001034538729765,0.31378751406171485,0.631608668143638,0.9551975948220316,-155.3862013815632
461,3.0,3.0,2.0,1.0,-0.31658291457286436,0.44723618090452266,-0.21505551428915348,0.2210495684081304,0.7191324197440323,1.0678449135131958,-143.0753374095359
462,3.0,3.0,2.0,2.0,0.015075376884422065,0.13567839195979903,-0.021074215671218578,0.13337517779241084,0.7370073045168871,1.0825964113216346,-143.53616653461756
463,3.0,3.0,2.0,3.0,0.3467336683417086,-0.20603015075376885,0.19258667330570403,0.04334493178929935,0.7090935819175945,1.0160425181637274,-153.20964730728136
464,3.0,3.0,2.0,,-0.4170854271356784,0.5276381909547738,-0.1058900520008267,0.17299671924817164,0.7560859300646915,1.147245443293095,-135.40271134255977
465,3.0,3.0,3.0,0.0,0.025125628140703515,-0.35678391959798994,-0.004720488162948018,-0.2664227077884297,0.6760779438293192,0.8209388295431695,-176.46971896808938
466,3.0,3.0,3.0,1.0,0.2663316582914572,-0.3467336683417085,0.2522087242867237,-0.2726595043145006,0.7547383350939564,0.8029055167288692,175.0950246764429
467,3.0,3.0,3.0,2.0,0.33668341708542715,-0.33668341708542715,0.3430713710059028,-0.2754145299714503,0.6795621984593938,0.7959252936753697,174.5645142566458
468,3.0,3.0,3.0,3.0,0.44723618090452266,-0.3266331658291457,0.43818087756789487,-0.27531455339353744,0.616848291633546,0.7929637530023746,175.0777145444102
469,3.0,3.0,3.0,,0.4070351758793971,-0.33668341708542715,0.36224821145985714,-0.27379010213721167,0.7109346989965873,0.7976461394553758,174.23914872865367
470,3.0,3.0,,0.0,-0.6281407035175879,0.6582914572864322,-0.468412949244398,0.36693723620576596,0.6173986299497305,0.8659855244938703,-159.96762001111927
471,3.0,3.0,,1.0,-0.31658291457286436,0.46733668341708534,-0.2979067545564649,0.3103159741553874,0.6999204324399387,0.9493928715215147,-146.53337406785673
472,3.0,3.0,,2.0,-0.0653266331658291,0.31658291457286425,-0.12430333447086579,0.250344150738244,0.7292750665094845,0.9983216950788285,-143.59549259782517
473,3.0,3.0,,3.0,0.025125628140703515,0.256281407035176,0.09029032032000082,0.17531119556912592,0.7088107033468926,0.9914881572131952,-152.21749965289865
474,3.0,3.0,,,-0.4371859296482412,0.5477386934673367,-0.22198087701631072,0.28241508489677364,0.7459020844547412,1.0368525327210898,-135.33186408320364
475,3.0,,0.0,0.0,-0.46733668341708545,0.6783919597989949,-0.35950395887808995,0.4213031100705678,0.7281313117672924,0.8011705687875544,-152.400403486025
476,3.0,,0.0,1.0,-0.3065326633165829,0.6281407035175879,-0.09961469236474055,0.4060053260647296,0.7860735966919202,0.9178471554780754,-95.81822633687318
477,3.0,,0.0,2.0,0.025125628140703515,0.5175879396984926,0.09701620838398428,0.39665838418545935,0.7867017023257117,0.8843185438793203,-88.71159579673763
478,3.0,,0.0,3.0,0.35678391959799005,0.5075376884422111,0.2928089487073472,0.39445612620025255,0.753843629667521,0.8002333285475643,140.69724893361789
479,3.0,,0.0,,0.12562814070351758,0.5075376884422111,0.03718433525756028,0.4049767671293808,0.7837068114607068,0.993183389985923,-92.02994963315908
480,3.0,,1.0,0.0,-0.46733668341708545,0.6783919597989949,-0.3150705287503961,0.3755437821157786,0.7442238698538169,0.8858118539256423,-145.04485816402308
481,3.0,,1.0,1.0,-0.3065326633165829,0.6180904522613067,0.011944278283224618,0.3260598985447652,0.8312072291624893,1.0101009966958951,-112.79375541593033
482,3.0,,1.0,2.0,0.025125628140703515,0.4371859296482412,0.21189672579853827,0.29600629205042756,0.8388644717224677,0.9300838472403947,-122.43990546752705
483,3.0,,1.0,3.0,0.6180904522613067,0.22613065326633164,0.3947869293337712,0.275573556777873,0.7585639187049102,0.8672224972743349,-173.22078821260607
484,3.0,,1.0,,0.5778894472361809,0.1758793969849246,0.1723691659106371,0.3068969635764352,0.841497720783573,1.032034923371541,-108.86998328264637
485,3.0,,2.0,0.0,-0.457286432160804,0.6683417085427137,-0.2702559911260685,0.3292409561771733,0.7526678150020335,0.9780000051994514,-141.82856139535411
486,3.0,,2.0,1.0,-0.3065326633165829,0.6080402010050252,0.13141681741453798,0.2259330689971925,0.8392969338705711,1.108072910467269,-124.14165853545084
487,3.0,,2.0,2.0,0.8190954773869348,0.025125628140703515,0.3240348922826725,0.1750383841655054,0.8231316544629786,1.002462779312833,-140.1976923004406
488,3.0,,2.0,3.0,0.829145728643216,0.035175879396984966,0.4864537216209346,0.13746749703153938,0.7166634047140718,0.9332612905908452,-167.34060892796657
489,3.0,,2.0,,0.829145728643216,0.035175879396984966,0.3016881035453744,0.18429277376930198,0.844600508295762,1.0746533885039729,-126.51254327634102
490,3.0,,3.0,0.0,0.2160804020100502,-0.2361809045226131,0.2032355436061968,-0.1584594751409776,0.7350016609656178,0.8706761244770003,160.26854230703645
491,3.0,,3.0,1.0,0.9296482412060301,-0.0653266331658291,0.5422969586796896,-0.11843297304758808,0.6783944973931442,0.8698974259368577,164.69502292738898
492,3.0,,3.0,2.0,0.9597989949748744,-0.055276381909547756,0.5920160386287057,-0.11288361679436258,0.6033256488162899,0.8637847908140207,169.87751900105843
493,3.0,,3.0,3.0,0.9798994974874373,-0.055276381909547756,0.6476835139981995,-0.10545790071808173,0.5277419412543197,0.8612034828955228,173.13674869119745
494,3.0,,3.0,,0.9698492462311559,-0.055276381909547756,0.6137120763229992,-0.10950908286344468,0.5933424323896106,0.8636881004711359,170.7192148770217
495,3.0,,,0.0,-0.46733668341708545,0.6783919597989949,-0.33213225557496917,0.39310340239302866,0.7365751133126317,0.8697580127030862,-144.89445172735526
496,3.0,,,1.0,-0.3065326633165829,0.6180904522613067,-0.006658053265280052,0.3300602616291498,0.8222745896540239,1.0437095648449,-118.9975993117596
497,3.0,,,2.0,0.025125628140703515,0.48743718592964824,0.2006524673557264,0.2899774854376408,0.8277801191152329,0.9944671357003537,-130.82554804846856
498,3.0,,,3.0,0.48743718592964824,0.35678391959799005,0.3938547218088809,0.25211231158264813,0.7565164249826433,0.9427921078497913,-159.55554138992738
499,3.0,,,,0.24623115577889454,0.42713567839195976,0.15691963018709162,0.29812654883438733,0.8437262048629431,1.0850599487368777,-117.9345376550417
500,,0.0,0.0,0.0,-0.1959798994974874,0.6180904522613067,-0.19156391673860507,0.27241013418370996,0.7215493691198668,0.9575651535270733,178.22272329693652
501,,0.0,0.0,1.0,-0.045226130653266305,0.5276381909547738,0.06350844151474533,0.283403263741355,0.8295915484888734,0.9457036482654525,161.10643971768144
502,,0.0,0.0,2.0,0.085427135678392,0.4773869346733668,0.2109157959341869,0.2897136203629064,0.7607885073703817,0.931852710921868,163.7881312440817
503,,0.0,0.0,3.0,0.42713567839195976,0.46733668341708534,0.35087314702385725,0.3029951731130464,0.682878117616862,0.9148631099641558,165.95198289877115
504,,0.0,0.0,,0.3266331658291457,0.44723618090452266,0.1986670849761777,0.29441311144358817,0.8324959353761103,0.9414138230533176,152.2409581622282
505,,0.0,1.0,0.0,-0.1758793969849246,0.5577889447236182,-0.12900031270622805,0.16973620434357167,0.7529858056594103,1.0364593614522466,-172.95887190549837
506,,0.0,1.0,1.0,0.37688442211055273,-0.0653266331658291,0.1797981565609481,0.1453703967627208,0.8726430505005791,1.0179267549150754,-175.246783485521
507,,0.0,1.0,2.0,0.4773869346733668,0.055276381909547645,0.3155623210789158,0.13361289115545041,0.7786132022314872,1.0084144643398902,178.53877175721158
508,,0.0,1.0,3.0,0.5778894472361809,0.1758793969849246,0.44173932016706924,0.13046743041253386,0.6815268990029434,1.0011907265736935,176.55578305381292
509,,0.0,1.0,,0.5276381909547738,0.11557788944723613,0.3193348937348376,0.13888925968961985,0.8420848229186081,1.007821540985892,-179.43947146283747
510,,0.0,2.0,0.0,-0.16582914572864316,0.5075376884422111,-0.059464716950505356,0.06257975979165999,0.7699348284895343,1.1131600278543303,-165.18812346024825
511,,0.0,2.0,1.0,0.5879396984924623,-0.2562814070351759,0.29813102989819606,-0.009146247197208718,0.8531270782533535,1.070733570973481,-164.55533641513182
512,,0.0,2.0,2.0,0.6381909547738693,-0.1959798994974874,0.41411025866134554,-0.034850054950465684,0.7517173503767252,1.0417356912731672,-175.13453955340574
513,,0.0,2.0,3.0,0.728643216080402,-0.085427135678392,0.5201752068825286,-0.04946270131321576,0.6461798203892491,1.0226800348362841,-179.84857783438
514,,0.0,2.0,,0.6884422110552764,-0.13567839195979903,0.42756979004465684,-0.031562383568458724,0.7901074567462811,1.041717382709421,-172.2238845205872
515,,0.0,3.0,0.0,0.16582914572864316,-0.6381909547738693,0.22489072137832794,-0.3727084988304633,0.6586892861808319,0.8741252749085094,159.89186004167902
516,,0.0,3.0,1.0,0.7487437185929648,-0.3668341708542714,0.5290515971571781,-0.30884977644771006,0.6406260640761571,0.9055746008235462,163.3724753396743
517,,0.0,3.0,2.0,0.7889447236180904,-0.3467336683417085,0.5727913367254567,-0.299992790375555,0.5852976924832999,0.9015720070915585,167.67905962505947
518,,0.0,3.0,3.0,0.8492462311557789,-0.31658291457286436,0.6271959726710661,-0.2879792824318705,0.5236089934332752,0.9015245276226616,171.13744768584715
519,,0.0,3.0,,0.829145728643216,-0.3266331658291457,0.5961033346246455,-0.2945276803187311,0.5733618744768003,0.902755606609524,168.67636876692518
520,,0.0,,0.0,-0.18592964824120606,0.5979899497487438,-0.1410869534322106,0.19421763352104593,0.7566661618137349,1.04268465399737,-169.67478139425228
521,,0.0,,1.0,-0.025125628140703515,0.4773869346733668,0.1856722522089899,0.12798934043943308,0.8695956530190918,1.0832085659850346,-159.39552903816303
522,,0.0,,2.0,0.1758793969849246,0.33668341708542715,0.3282200183426839,0.09855659491232151,0.7865374771627286,1.0739814279794806,-168.69940775242733
523,,0.0,,3.0,0.5879396984924623,0.12562814070351758,0.4589387796294247,0.07187409854163267,0.6890462880415654,1.072053068452419,-173.98067464819232
524,,0.0,,,0.4974874371859297,0.16582914572864316,0.33127792022144503,0.0979037835332892,0.8427236018361499,1.082923343126466,-163.8080256395016
525,,1.0,0.0,0.0,-0.31658291457286436,0.4170854271356783,-0.37044294055696186,0.1356561018027077,0.7183067499669895,1.0450580098295088,171.57028255328362
526,,1.0,0.0,1.0,-0.18592964824120606,0.4170854271356783,-0.14711041928462099,0.16347698819669887,0.8313927334958224,1.032938151802336,160.2169462715018
527,,1.0,0.0,2.0,0.025125628140703515,0.39698492462311563,0.034157862180520415,0.18541680389849946,0.8067352819400169,1.0085328552609667,159.18293429674495
528,,1.0,0.0,3.0,0.1758793969849246,0.18592964824120606,0.21922379905847222,0.21082777632811375,0.7240073373393093,0.9770979418291788,163.45923028231243
529,,1.0,0.0,,0.13567839195979903,0.306532663316583,-0.0320132144790321,0.17879967343275083,0.8853594701244085,1.046769559675589,145.07245477668732
530,,1.0,1.0,0.0,-0.29648241206030146,0.3467336683417086,-0.3149598406246406,0.05002242239205978,0.7680922267926503,1.0808261932750285,179.36681151931685
531,,1.0,1.0,1.0,0.27638190954773867,-0.18592964824120606,-0.03920940259410007,0.0461845347484377,0.9147344534122741,1.0591608028442376,175.55544466258792
532,,1.0,1.0,2.0,0.2864321608040201,-0.1758793969849246,0.14401436747417312,0.042788022579545365,0.8520721611668571,1.0411140718418612,174.39599118330375
533,,1.0,1.0,3.0,0.29648241206030157,-0.16582914572864316,0.31837712152426534,0.044043793894446494,0.7417761750467694,1.0273570943495507,174.15999177221892
534,,1.0,1.0,,0.29648241206030157,-0.16582914572864316,0.10134225191721104,0.046092578244574856,0.9604579214878507,1.04732996000377,169.09768934796995
535,,1.0,2.0,0.0,-0.27638190954773867,0.2663316582914572,-0.25300379241185256,-0.030938678270242465,0.8078314743994713,1.117500735600445,-170.88948464857114
536,,1.0,2.0,1.0,0.39698492462311563,-0.4773869346733668,0.08339520878366723,-0.08036271047891856,0.9371108801914032,1.0907404993607357,-161.33366258803002
537,,1.0,2.0,2.0,0.39698492462311563,-0.4773869346733668,0.2565230660998203,-0.10853899237240888,0.8441076557245242,1.0539352007103469,-173.21975185436267
538,,1.0,2.0,3.0,0.4070351758793971,-0.4773869346733668,0.41032519640783105,-0.12625879091143205,0.7163131276437334,1.0271012244140372,179.71284558335083
539,,1.0,2.0,,0.39698492462311563,-0.4773869346733668,0.2354623317075907,-0.10113106659827233,0.9347038504168343,1.063466729300867,-163.07206728702937
540,,1.0,3.0,0.0,-0.035175879396984966,-0.8894472361809045,0.0668583757327718,-0.46537920574831887,0.6813533335641422,0.850854863539252,143.6484262176306
541,,1.0,3.0,1.0,0.4371859296482412,-0.5979899497487438,0.3880503939837564,-0.3968952720229132,0.7023492395869357,0.9002077263896776,146.22580430017567
542,,1.0,3.0,2.0,0.44723618090452266,-0.6281407035175879,0.46417827917833104,-0.38075860112364696,0.6420004027078594,0.8779544679136322,158.68338980249592
543,,1.0,3.0,3.0,0.46733668341708534,-0.6783919597989949,0.5437262903610517,-0.36323945027249704,0.5754452354660176,0.8748963941401289,165.98970768217958
544,,1.0,3.0,,0.4572864321608041,-0.6482412060301508,0.4867494378456682,-0.3754432526361759,0.6519016708418333,0.8846682998300328,157.79633963740875
545,,1.0,,0.0,-0.3065326633165829,0.39698492462311563,-0.32892217627863546,0.07858916786454556,0.7724254516757416,1.0777303480111862,-179.70058919485248
546,,1.0,,1.0,-0.16582914572864316,0.37688442211055273,-0.038631308372978436,0.04988742210549431,0.9349343142527156,1.0863177845092287,-166.64762869716384
547,,1.0,,2.0,0.025125628140703515,0.306532663316583,0.15402508857839226,0.02759668008088556,0.8749992621916254,1.0833474944003203,-169.33998560480399
548,,1.0,,3.0,0.27638190954773867,-0.11557788944723613,0.33755380581355754,0.0014938555657513233,0.7592724229463035,1.0798086700694094,-174.0495848547874
549,,1.0,,,0.2160804020100502,0.0653266331658291,0.10922035621045216,0.027906568219179473,0.9757469850547656,1.0960338278911272,-157.77463621330182
550,,2.0,0.0,0.0,-0.40703517587939697,0.27638190954773867,-0.4642590527283454,0.0666870803484126,0.6531062560921526,1.049123426873623,177.51806487022446
551,,2.0,0.0,1.0,-0.29648241206030146,0.306532663316583,-0.2958937605146375,0.07553186811022465,0.7734467097733939,1.03825909383924,171.97072192831524
552,,2.0,0.0,2.0,-0.07537688442211055,-0.055276381909547756,-0.12583607752181622,0.08579698073802329,0.8112689667411215,1.0314857421407975,165.56938541192017
553,,2.0,0.0,3.0,0.015075376884422065,-0.035175879396984966,0.08264828314566654,0.1109176441684673,0.7515319317844462,1.0243877793221867,162.38089341798607
554,,2.0,0.0,,-0.2160804020100502,0.07537688442211055,-0.22070812209264826,0.08638400937881326,0.8764411679983353,1.046541513676058,160.63375033999998
555,,2.0,1.0,0.0,-0.3869346733668342,0.1959798994974875,-0.4169361789968927,-0.013880089689488895,0.6931493522998955,1.0845082843701623,-176.59152010874794
556,,2.0,1.0,1.0,-0.24623115577889443,0.15577889447236193,-0.20790898419827494,-0.030237053365693246,0.8495083802185079,1.0687720325939638,-177.94075173111986
557,,2.0,1.0,2.0,-0.005025125628140725,-0.5276381909547738,-0.02140611448559691,-0.04412571810210455,0.864181808665257,1.0531891758824146,176.79820917558527
558,,2.0,1.0,3.0,0.09547738693467345,-0.40703517587939697,0.18515886406635218,-0.04330497188574081,0.7867896540112792,1.0458305063471323,170.47185499514615
559,,2.0,1.0,,-0.005025125628140725,-0.5276381909547738,-0.09941779848907288,-0.029397475273754307,0.9606904635826303,1.0609496553552331,178.95658815200704
560,,2.0,2.0,0.0,-0.18592964824120606,-0.7889447236180904,-0.3662469182657076,-0.08386664649133234,0.7288474820697448,1.1167687622633482,-169.7836270054469
561,,2.0,2.0,1.0,0.055276381909547645,-0.7386934673366834,-0.10304583058849437,-0.13509388238931805,0.8989225746847286,1.0986892903271182,-161.73658485241796
562,,2.0,2.0,2.0,0.07537688442211055,-0.7989949748743719,0.09202582131086526,-0.17570029577461593,0.8810875703722749,1.058909373274229,-169.56104777052178
563,,2.0,2.0,3.0,0.20603015075376896,-0.7185929648241206,0.28714631614051184,-0.19649168791852595,0.7827059427905734,1.0268026289097942,177.21242987001736
564,,2.0,2.0,,0.09547738693467345,-0.8492462311557789,0.035351198669599654,-0.153089898547233,0.9686506849301745,1.0900055970534415,-151.528899111568
565,,2.0,3.0,0.0,-0.12562814070351758,-1.0,-0.05928765589084809,-0.5360335777225862,0.6565945730312299,0.7812744776032815,139.80333929348467
566,,2.0,3.0,1.0,0.09547738693467345,-0.8592964824120604,0.23026538570842087,-0.4751308588655872,0.6977846518093723,0.9054964560558172,-48.93092917895046
567,,2.0,3.0,2.0,0.11557788944723613,-0.9095477386934674,0.3385713091043793,-0.453740201409279,0.6640170664980288,0.8745304789991163,144.39085734818767
568,,2.0,3.0,3.0,0.2864321608040201,-0.8894472361809045,0.4489865703369181,-0.4265167288106027,0.6193532117107722,0.8684001189050373,155.23366648254517
569,,2.0,3.0,,0.14572864321608048,-0.9597989949748744,0.3562290876092278,-0.4465030013720451,0.68839690364717,0.8986631963972436,139.74642356878246
570,,2.0,,0.0,-0.40703517587939697,0.24623115577889454,-0.4315049671291461,0.017939034977729643,0.6933219365399754,1.0788956304203188,-176.75434771653963
571,,2.0,,1.0,-0.2864321608040201,0.2663316582914572,-0.21363735902732706,-0.010555268603763351,0.8671676001684979,1.0828239612009802,-170.1196598162664
572,,2.0,,2.0,0.005025125628140614,-0.3065326633165829,-0.017579824808029387,-0.03997249498746938,0.890969135111666,1.08180327927999,-169.3587933148092
573,,2.0,,3.0,0.1055276381909549,-0.33668341708542715,0.20328505315724726,-0.06606180110460236,0.8200754141430688,1.0763288230273131,-176.00607000730676
574,,2.0,,,-0.1758793969849246,-0.045226130653266305,-0.0989628670522914,-0.026065775347466763,0.9740574323962009,1.096630019455448,-157.64467950412254
575,,3.0,0.0,0.0,-0.6984924623115578,-0.055276381909547756,-0.5521376272771447,-0.011736589414162946,0.5932248261738765,1.052187785536697,179.75439944937253
576,,3.0,0.0,1.0,-0.3266331658291457,-0.10552763819095479,-0.4289585366592569,-0.016125417074485365,0.6824158425376792,1.041472054564339,178.67929949465983
577,,3.0,0.0,2.0,-0.14572864321608037,-0.13567839195979903,-0.2922932884433994,-0.016587448624944656,0.7545529348513801,1.028744598758013,176.71767683009853
578,,3.0,0.0,3.0,-0.055276381909547756,-0.13567839195979903,-0.08872250387535165,-0.013788925522720721,0.7126934631223159,1.0124030847860297,173.35795928623645
579,,3.0,0.0,,-0.5175879396984925,-0.09547738693467334,-0.40181816294619666,-0.012402312324112057,0.769518606899625,1.0387881849728904,177.5705744167122
580,,3.0,1.0,0.0,-0.6683417085427136,-0.13567839195979903,-0.5120169205811501,-0.08392416157121177,0.6290752746562881,1.079165960678241,-175.57809480299636
581,,3.0,1.0,1.0,-0.33668341708542715,-0.6582914572864322,-0.362440880541555,-0.11093691869457317,0.7371294303547273,1.0664479866817114,-173.7240896753481
582,,3.0,1.0,2.0,-0.005025125628140725,-0.5276381909547738,-0.20292100460544962,-0.1350264545944734,0.7949820039298833,1.0463086093608231,-172.71965126119125
583,,3.0,1.0,3.0,0.045226130653266416,-0.46733668341708545,0.006361027424582545,-0.1600688439873965,0.7475411296968453,1.0156736634701014,-178.7267529765194
584,,3.0,1.0,,-0.14572864321608037,-0.6984924623115578,-0.30940910851368447,-0.11368528000664457,0.8388066563039703,1.062979348402161,-169.31159629601407
585,,3.0,2.0,0.0,-0.35678391959798994,-1.0,-0.47157582175401574,-0.14090379536934358,0.6634307669062438,1.101222624343636,-170.4060516910299
586,,3.0,2.0,1.0,-0.26633165829145733,-1.0,-0.2839842393103221,-0.1959017468966015,0.785809895846769,1.0915389453282245,-163.09371485258194
587,,3.0,2.0,2.0,-0.005025125628140725,-0.9597989949748744,-0.10150940108462769,-0.24817162420962624,0.8123986013211115,1.0610622928675713,-160.16204662008636
588,,3.0,2.0,3.0,0.14572864321608048,-0.7889447236180904,0.11064080077331699,-0.297481135999519,0.7556084158430086,0.9926158297707701,-169.76224155745754
589,,3.0,2.0,,0.005025125628140614,-0.9597989949748744,-0.19853304461640475,-0.21433404498485975,0.8682216520846074,1.1026388083621421,-151.8429331242673
590,,3.0,3.0,0.0,-0.2361809045226131,-1.0,-0.17943645670030306,-0.5935690807497151,0.633073744307941,0.7142962970047573,-49.1878222227799
591,,3.0,3.0,1.0,-0.14572864321608037,-1.0,0.04080579023334615,-0.5676883073746177,0.6591508487537763,0.8088436996433412,-63.81582607684972
592,,3.0,3.0,2.0,-0.005025125628140725,-1.0,0.17111986081890557,-0.5520167367794113,0.6507961283928502,0.7703642441225154,-50.69105618700481
593,,3.0,3.0,3.0,0.1959798994974875,-0.9899497487437185,0.29775965582225145,-0.5345434693085028,0.629581299664227,0.7522201097688928,145.49505705504887
594,,3.0,3.0,,0.0653266331658291,-1.0,0.1636115002639823,-0.551136598836907,0.6699524282742811,0.8281726051223363,-63.417379760372846
595,,3.0,,0.0,-0.6884422110552764,-0.085427135678392,-0.5265185735614013,-0.051731091781890504,0.6261129794068201,1.073115736850972,-176.30944840101768
596,,3.0,,1.0,-0.3266331658291457,-0.1959798994974874,-0.37327396828729875,-0.08150616166936854,0.750227437296092,1.0733922917306797,-171.57589285380203
597,,3.0,,2.0,-0.055276381909547756,-0.3869346733668342,-0.20716574971065604,-0.11494412568206269,0.8153119564657229,1.0730890763296845,-166.47184424180966
598,,3.0,,3.0,0.025125628140703515,-0.44723618090452255,0.02034442895576246,-0.16074810442252133,0.7735612939797344,1.0555582838289734,-168.82007312475668
599,,3.0,,,-0.46733668341708545,-0.15577889447236182,-0.31662494926709095,-0.09357333707469119,0.8521793699961119,1.084622379267248,-163.26851147959417
600,,,0.0,0.0,-0.5979899497487438,0.045226130653266416,-0.46651335670117167,0.0557388122402791,0.6902261350635487,1.063089034348196,172.95327415663274
601,,,0.0,1.0,-0.31658291457286436,0.09547738693467345,-0.2519285158346504,0.09154793150008585,0.8392229047363473,1.0787221507140046,156.55090030747462
602,,,0.0,2.0,0.015075376884422065,0.16582914572864316,-0.04926635136564578,0.13134193685471618,0.8440619288644429,1.0838265573742614,148.50926177197994
603,,,0.0,3.0,0.2663316582914572,0.2864321608040201,0.18579861634631464,0.1840381581802544,0.7580862470450652,1.044134071279549,153.20642545025004
604,,,0.0,,-0.14572864321608037,0.11557788944723613,-0.14449882198486844,0.11907392778975195,0.9000351593357983,1.1257030037754723,138.9694431791244
605,,,1.0,0.0,-0.5678391959798995,-0.045226130653266305,-0.4161780539110616,-0.020452966096754316,0.7441355187416175,1.0886769851569285,178.80614187843435
606,,,1.0,1.0,-0.3266331658291457,-0.1758793969849246,-0.14561052051800064,-0.008444837371461067,0.9434828358041286,1.0874715286398182,162.08191862519755
607,,,1.0,2.0,0.005025125628140614,-0.507537688442211,0.06963782810352537,0.006193181351689587,0.9173802392396756,1.08203162548058,157.39211786250786
608,,,1.0,3.0,0.42713567839195976,-0.005025125628140725,0.291871008943823,0.030457435612069282,0.7945985237190294,1.060838061690839,163.88141216290725
609,,,1.0,,0.2361809045226131,-0.2361809045226131,-0.0034477745550028378,0.009223316835800646,1.0009292286021856,1.1124502675984531,137.64028403594213
610,,,2.0,0.0,-0.3065326633165829,-0.9798994974874372,-0.3612867255792053,-0.08644756469862593,0.7955483704182634,1.1106196068168852,-173.26136074513371
611,,,2.0,1.0,-0.14572864321608037,-0.9095477386934674,-0.021143461437192864,-0.11157659102186351,1.0182090663650882,1.082557877183707,-167.56754223476952
612,,,2.0,2.0,0.12562814070351758,-0.7487437185929648,0.19348901602516783,-0.12612522028113166,0.9431743509025359,1.0600023079642105,175.3463715444865
613,,,2.0,3.0,0.5477386934673367,-0.3065326633165829,0.391232303362818,-0.12755190851486262,0.7784949627799107,1.0413398796014113,172.27796633535783
614,,,2.0,,0.48743718592964824,-0.37688442211055273,0.14484967228221113,-0.11409391477811352,1.056684003145023,1.063844215829004,-142.64084236790077
615,,,3.0,0.0,-0.1959798994974874,-1.0,-0.030704442972301488,-0.5123253729730387,0.6708489541262943,0.8740458875069232,-47.19304800500075
616,,,3.0,1.0,-0.045226130653266305,-1.0,0.3325542533253818,-0.4130208375960062,0.7139820403405067,0.9784700626683195,-45.90627934672158
617,,,3.0,2.0,0.3869346733668342,-0.6783919597989949,0.4384904565562151,-0.3842582656607311,0.6701683255079045,0.9274586905093279,148.46902964116413
618,,,3.0,3.0,0.6884422110552764,-0.46733668341708545,0.5385599639581871,-0.3543182508410839,0.6037303595822788,0.9066798092850147,160.3178364407933
619,,,3.0,,0.6180904522613067,-0.5175879396984925,0.4573327097490133,-0.3768639862146982,0.6892152693744928,0.9414030441399317,145.95980454702936
620,,,,0.0,-0.5879396984924623,0.015075376884422065,-0.4308827308704791,0.00929533255563643,0.7442607702060472,1.0837380906632628,178.93430418980432
621,,,,1.0,-0.3266331658291457,-0.025125628140703515,-0.1488871530818383,0.002595003691986522,0.9843092247168731,1.0838514640967731,178.25510010830249
622,,,,2.0,0.015075376884422065,0.015075376884422065,0.0766513768157825,-0.0017637524892042539,0.9741957532386074,1.0838786069966928,178.12246995829153
623,,,,3.0,0.39698492462311563,-0.005025125628140725,0.3107838953881448,-0.006704468417039644,0.83656468658307,1.0838270890303676,178.60378446791913
624,,,,,-0.005025125628140725,-0.005025125628140725,9.107298248878239e-18,1.387778780781446e-17,1.0837877414889439,1.0837877414889439,0.0
