,x,y
0,0.420163955070379,-0.0763465961959113
1,-0.716146501022419,0.152773828429721
2,-0.512779056322582,0.0031426518471791
3,1.56129761621624,-0.475505115486431
4,-0.0416296817094694,-0.175774068177543
6,-0.261368079568883,-0.0351917748270598
7,-0.305932829646015,-1.14718560286484
8,0.332959519763557,-0.864028950131463
10,0.947497211165287,-0.466110399967733
11,1.68522316213741,0.483810084744467
13,0.104154141372911,0.308690615312649
14,-0.52498770200278,0.305015319704759
15,-0.426218576388907,2.05085910955971
17,-0.192070784394241,-1.1381242515269
18,-0.294538372997137,0.144478506247498
19,-0.221590541364575,-0.0079720029708834
20,0.132608783248218,0.653900865266472
21,-0.318775484800422,0.65912588072428
22,-0.244449457612114,1.56261316538686
23,-1.57817361898839,1.11627496642193
24,-0.656354447308097,1.46897284586088
25,1.71135730188554,0.60985439139576
28,-0.0565581265455676,-0.63369380450881
29,-0.13913078841434,-0.881768413486153
30,0.52429819525716,-0.741015050690517
31,2.01284045194146,-0.258845357928751
32,-0.0747585342095173,-0.0393353427425297
33,-0.211542095149748,-0.0570801993864349
34,1.25298307827452,-0.942813864183945
35,-0.45324713646885,0.193605240366471
36,1.62668669574544,-0.0835007826615155
39,-1.55377830613526,-1.6588078980764
40,1.75734115217457,0.321515218487699
41,-1.31630070991178,-0.803620957533073
42,-1.31964711794193,0.292742756571327
43,1.95460799415455,-0.010179812970713
44,1.38187139217552,1.11129057275894
46,-0.667429543645208,1.69079470551827
47,1.85303883015205,1.10357072495274
48,1.47614033669655,0.300405207595468
49,-0.0135966435014285,-1.70181041459475
50,0.120933636347598,-0.106381255548637
51,1.62208129311288,0.316856994238657
53,1.376901202412,0.692519350183417
54,-0.330547895916726,0.925322976421351
55,-0.0346054727868755,-0.742561136402992
56,1.22359638902775,0.523413268939803
57,1.32575077605555,0.489230801158941
58,1.75202257001798,0.597258724930635
59,1.46824809411437,-0.165772445586145
60,-0.502024082860045,-0.441368108630333
61,-0.408818791633119,0.40717996678265
62,-0.230479728707747,-0.263900872125762
63,-0.0200125824874936,0.375907085963443
64,-0.533308645227646,0.509472633771023
65,1.25619926954981,-0.360401673630477
66,1.83721852025067,0.208141155697944
68,-1.63046055462745,1.5071835648719
69,-1.22472896745945,-1.10911780911022
70,-1.17591585846533,1.25457062831935
72,1.59705776552441,-0.426004267064541
74,1.19244181403362,1.23687267868485
75,0.644847419460545,0.284501771927377
76,1.99077795098336,-0.602392575259542
79,-0.466127797335434,-0.355009182359434
80,0.0709411535724033,-0.327302830807468
81,1.26652146471877,0.82749010053484
82,0.28040849457396,-0.0911324763600079
83,2.31532090329095,-0.0876231877594768
84,0.933954416594515,-0.354038358739142
85,1.93410647635147,0.252515902368918
86,0.0252868319404174,-0.620521531986736
88,-0.0035017476953143,-0.594023252886051
89,-0.595936913105026,0.624425371760758
92,0.61039981986687,-0.733824517860753
96,1.00539025737668,0.313565293934598
99,-0.0450375478680452,0.0001934055089546
100,-1.19524082588316,1.55917691128262
101,-0.454637539080102,0.165447607567239
102,-0.473311125702984,0.771290044744415
104,-0.979742732358032,-1.03333455165833
105,0.542222951784811,-0.0637365123281975
106,-0.145133850438747,-0.28611639149806
108,-0.637319329150126,-0.94300501881977
109,-0.425801000825501,1.21727725021033
110,-0.873957459644663,-1.25180168543153
111,-0.467884210020187,0.434838759686579
112,0.826379120157787,0.99655692756231
113,1.02994327489354,-0.84072928765702
114,1.17878413953028,-0.111535623106529
115,-0.467123365287184,-0.508341271919532
117,1.82783493916313,0.725049454000163
118,1.21318777742522,-0.386981690789846
119,-0.396557459867396,-1.62046448010339
120,-1.56548188341945,0.489242782378238
121,-0.815944123398322,0.0163467778470674
123,-0.249484775323998,0.361444095161304
124,1.80494697679782,0.561925586446703
125,1.69467501405809,1.11565419108973
127,-1.8930069625052,-0.670198194656549
128,-1.21995261892497,1.10297197010795
129,-0.923158166068511,0.0449597158062596
130,-1.91812546685935,-0.664512090738265
131,0.0231633964094777,-0.999384028103809
132,-0.0166789968791417,-1.4297449911841
133,-1.18701092166576,0.807450980576319
134,-0.612726885784839,1.38578441425041
135,-0.626183712124147,-1.07057500235933
136,-0.285605792861294,-2.16882734846049
137,-0.226921267517758,-1.49241553401851
139,-0.402591508762838,1.69222580278122
140,-0.309433746158227,1.35395319589961
141,1.41915590544892,-0.439674938392163
142,1.03986893708759,-0.410497399689028
143,-0.338550817685353,-0.346556311731488
144,2.14882762144215,0.269274714608245
146,-1.90269855272481,1.86871297468056
147,-0.57855392589563,0.863971737445542
148,-1.42967045081983,1.02812843050647
149,-0.0012065678881647,-0.280297621916978
150,-0.185610561185426,-0.206953126022438
151,0.137291466040284,2.44132104944945
152,1.50715446958522,0.315948193743626
153,1.43170989201204,-0.351246154757055
154,1.63183988721049,0.156353760565602
155,2.16759906328345,0.719830282954523
157,-1.79316581712159,0.384909785287135
159,0.0658021587049167,-0.861653390541606
160,-0.175741664448151,0.293822392669669
161,-0.858461615324317,1.14562042664324
162,1.74083248926656,0.203454702665207
164,-0.58479510968824,0.878385291407734
165,0.630025422554057,0.530218033970298
166,1.05937394757552,-0.15116927594629
169,1.81332887606657,0.940337130483129
170,2.04840301818223,0.517721977059416
172,1.51444575964992,-0.0746772365602576
173,-0.684698380245973,0.350885948429699
175,-0.419065157354811,0.35125763171331
176,-0.170380307699179,-0.400434842029362
179,1.19705250834076,-0.604844558107915
181,1.67078438663637,0.76529393415737
182,-0.389078545229142,-0.0015461435185378
183,0.979128295451514,-0.199341529275614
184,-0.187351148426701,1.30659571061173
185,0.644078655961037,0.383174045451176
186,-1.38403133087555,1.4687963493809
188,-0.496179975553604,-0.688768488342249
189,-0.178624027986315,-0.768113865336615
190,-0.466974367259954,1.0914103810769
191,1.72871128253512,-0.461507714219637
192,1.82337091965539,-0.459409473782265
193,-0.889755041264763,-1.19715550328046
195,-1.18024094636238,2.21818066519616
196,1.10225036035552,-0.376899739823748
197,0.0241051867899608,-0.154835852757486
199,-0.341011693207927,-0.396508228208187
200,-0.153289429253445,-0.322396152971838
201,-0.12472083971387,-0.536759560914058
202,1.66440647951727,1.3153738094453
203,1.53563278944489,1.29602927537484
204,-0.119633332285888,-1.30391684428461
205,0.0150141132583092,-0.0316154239656649
207,-0.646950078049632,-1.680219177888
208,0.155103467452825,-2.43709915753146
209,0.302405052792877,1.78966828962039
210,1.77730180733244,1.03707349596056
211,-0.281530634663255,2.08650176627696
212,1.46586974195378,0.495084090501879
213,1.63247780010991,1.27728186780542
214,0.0333204295992032,1.07364585861452
215,-0.439182287771767,-1.78777147122061
217,-0.774894537171333,-1.4429692684028
219,2.04390327128814,-0.363182737151537
221,-1.01739250939883,0.877622260236338
222,-0.831645048955119,1.00748286869368
223,1.78862424657624,-0.297380438311209
225,-0.645300838787114,0.456369530532909
226,-0.325847536717574,0.347908656524
227,-0.568878750138316,0.443714228985666
228,0.853796622287987,0.17748469497706
229,1.95059561009119,0.719807795307504
230,1.3745312088895,-0.016345231004366
231,1.09080881097411,-0.762699611115167
232,1.03249958075326,0.9130679212548
233,1.54207148879975,-0.345373811161199
234,-1.2071562390153,-1.24816736195246
235,-0.529850188164214,1.89476947092442
236,0.0342379397111984,0.271231092947004
237,2.21596697430233,0.355469686453942
238,1.05953155546919,0.22252391177088
240,-1.01184871365872,0.533905248430093
242,-1.25205196959022,-1.01727065814148
243,-0.507514222587653,-0.124926856585513
244,-0.492974624513228,2.04597865339261
245,-0.159039945446941,-0.800913188173352
246,1.70006568297426,-0.503265252427121
248,-0.645206899155092,1.51322862921143
249,-0.359900392393317,0.488515601913249
250,1.01122722379627,-0.601065133759254
251,-0.719070835451312,-0.39180587392287
253,-0.424025175812251,2.37885233503116
254,-1.34301019378279,1.12117150438133
255,0.0091477110822876,-0.302070925798743
257,0.12437186654279,-1.56851944299437
258,-0.305147494599373,0.138898455991024
259,1.20448230459515,0.241582899206449
260,1.92006917756034,1.30516788393423
261,0.980821983028008,0.0780790039099603
262,2.17492226620353,-0.205026789399464
263,1.67074887944421,0.663472461976219
264,1.36677605683991,0.06841945219912
265,1.29961162054785,1.44939516948256
266,0.802952169111332,-0.299914879348147
267,1.37716309533163,0.575945383657343
268,-0.645007410223101,0.111892727918124
269,-1.53292670223906,-1.47729818003838
270,-0.278954364426151,-0.986132183060317
272,0.197763044778881,0.609834168242359
273,-0.321203107302337,1.20328803588668
274,-0.800996659449497,1.26474952172938
276,-1.22762896773011,1.14559989813434
277,-0.379100597556421,-1.53400331712123
280,-0.57894575662136,1.97309497505614
281,0.836729021673247,0.170320066181
283,-0.758457094502071,-1.12964433155917
285,1.22551428274111,0.77925783740816
286,-0.20628203108468,-0.348568380763991
287,-0.0185191907505555,-0.270012783944186
288,1.32461407522968,-0.41177771749867
289,0.813308006102625,-0.0177872205439582
290,0.155448446709421,-0.809607645238203
291,-0.86941496773297,0.123700077431897
292,0.10814443696795,0.668179272428158
293,0.584230923085506,1.6174677460105
294,-0.850260916234204,-1.23815103327167
295,-0.519120361053669,1.73406761206547
296,-1.44154749668792,0.449266784283268
298,0.0136013092560489,-0.657074732591207
299,-0.444839237457378,-0.699914358545838
301,0.97729696131024,0.0461672488817363
302,-0.496922397276284,2.30600427693177
303,-0.0887039897802114,0.636805118461641
304,-0.0570826929986278,0.205572836047523
305,-0.172957805108854,0.209381704446644
306,0.0145042777008102,-0.259149939091324
307,0.0356502365475434,-0.652037006836161
309,1.37633374183158,-0.0750072282769712
310,0.41811604264829,0.184282341607013
311,-0.88427187797374,0.468585818588788
312,0.639592916572169,-0.243478113420582
313,-0.529185996971277,0.28266888451764
314,0.247043386508967,1.41460402001405
315,-1.67117359929121,0.42345086013565
316,-0.344880983227373,0.401268594888305
317,1.77208635713563,-0.135730477176574
318,-1.31371078108289,-0.665662625448123
320,-0.0839006893191991,-0.462401596266392
321,-0.105487632051808,1.7572155251614
323,-0.130288325268778,1.41549540354481
324,-0.284039644381512,2.19611355964806
325,-0.273409847009012,-0.249472048283192
326,1.12299781281769,0.344819562349313
327,0.0317640461060975,-0.761236396395355
328,-0.520065595033994,1.3236040070423
329,-0.454830736448669,2.30730572691173
331,-0.811667678616279,-0.0876655443909407
332,1.74515172490354,-0.221098175523483
333,-0.497847544512537,-1.4637254804099
334,1.10808708854742,0.391667390032784
336,-1.51888463023351,-0.163452640693993
337,-1.24478422960063,1.42629624051178
338,-0.673763126004336,-0.606518003569437
339,-1.33172063150374,0.55450968192278
340,-1.79038823804509,0.969059144338843
341,2.03914348887541,0.348224917053183
342,-0.0121893995531671,-0.0218399506329918
343,-0.186880180498718,-1.01560931612888
344,-0.619689687928977,0.248523454772346
345,-0.734060086502606,-0.798229725260772
346,-0.976546956614827,0.1887944585075
347,1.47982839777768,0.710179576226593
348,1.38081680425008,1.13843136810406
351,0.627425489852957,-0.629698661854583
352,-0.786152054982573,-1.30687078554247
353,-1.41878894709104,1.17006081028338
354,-1.95184363506983,-0.319219752369644
355,-0.245690081476867,-1.26159482081202
356,-0.479684054388533,2.54603232148125
358,-1.08541908507,0.672769161043305
359,-1.33036007387739,0.649401350611861
360,-0.2823528202592,0.06633269666965
361,-0.180943969912571,-0.377926196752753
362,-0.315920787945957,-0.177242015186492
363,-0.616191315903049,1.0483769737475
364,0.92407205988177,0.577345576543963
365,1.63538990055771,-0.0748168834651848
366,-0.583832909046058,1.90376896826106
367,0.388529751557745,-0.721867736413544
369,-0.118208343082553,0.014075037079273
370,-0.307950444378856,2.56324681393441
371,-0.324585040319579,2.04048362391554
372,0.670778035849111,2.01993756419017
373,-1.0505275097075,2.19556907737121
374,1.12149952741955,0.211802344526884
375,1.72484772450788,-0.152673316713178
376,-0.180369255868007,0.584007443653195
377,0.352839700153484,0.885773021970872
378,0.367620258991074,0.560307449172083
379,2.45129619495512,0.74093655661303
380,-0.345052034507656,-0.624593121003609
381,-0.223269050237162,0.126078279773637
383,-1.50234362531687,0.771803084167091
385,-0.427603558485617,-0.0563859026454143
386,-0.373265519497143,-0.0970693718425584
387,-0.215583566177863,-0.465518320412778
388,-0.600874419189257,-0.84592632824861
389,1.25438324383338,-0.0244023103617064
390,1.49341598021085,0.115261465117008
391,0.438049769283365,-0.69509342338108
392,-0.170025820204047,-0.135651862364556
394,-0.583957209585279,1.39699093791238
395,-1.06098942258102,2.19734849893862
396,0.456696614611175,0.797256655000325
397,-0.33650377786812,-1.47744237471919
398,1.53077674607127,0.791399487053464
399,0.604930281080206,-0.883074127787476
400,-0.552057144447073,-1.11506200513531
402,0.436348913605844,-1.36830219606412
403,2.0137160432578,-0.141159561047892
404,-0.399305556633751,0.503807555167832
406,0.104255918530696,0.0707036231460012
407,1.21149919833362,0.905741712997659
408,1.23537274204929,-0.168250766246095
409,0.38566461804482,-0.454447061021996
411,0.915914168866548,-0.558956800881015
413,1.48586809020235,0.157000100164931
415,-0.133950241091566,-0.903270728905398
416,-0.735742263938091,1.66228640589676
418,-1.33352274449078,-0.841908820923879
419,-1.15674886802612,0.910783883935858
420,-0.622116710110901,0.406767692291933
421,-0.735875447302617,0.537828025666207
422,-0.374344924483208,-0.968300914449119
423,-1.15421473345313,0.87648692351525
424,-0.278205901643106,0.193026103681247
425,0.0957892663080298,-0.0820465208792473
426,0.991141437349208,0.161328814136534
427,2.03265729979927,1.26424078349088
428,1.16854359771343,-0.0210783114302472
429,1.27052355677882,0.0748455945097366
430,1.74927475157059,0.814998164278249
431,1.29025886297985,0.691969191871681
432,1.81423625507635,0.152262387371139
433,-1.53920358341154,-0.802483449468666
434,-1.62394340239178,-0.782385881906317
435,-1.64886313465723,-1.00802565793817
436,-0.560164711230003,2.15581943125923
437,-0.599214187026802,-1.25516595217249
438,1.38272771832414,0.775867703751726
439,-0.946272185577973,-0.332488082406831
440,-0.904420318645912,-1.12383557671007
441,-0.370367012310586,0.640870142944344
443,-0.366210713500374,0.645641250444632
444,-0.255917835043271,2.06981930087295
445,-0.384689808979446,1.38003824029408
446,-1.04108915464155,-0.509958610904672
447,-0.411018249345964,0.696723568006296
448,-0.0194094151303103,1.37714890865079
449,-0.445260597166048,1.57406964447537
450,-0.470859537398603,1.38024966023058
451,-0.746144735953547,-2.31135932341376
452,-0.236339034962768,0.0483362297321366
453,0.143061500147327,1.41230900150463
454,1.606681315692,0.193039513926261
455,0.0020978101288568,-1.40168086185315
457,-0.276647114291847,-0.109706996826408
458,1.70612842672424,0.443777287849076
461,-0.577053073185536,-0.0235498739374326
462,-1.78237350149788,0.519993088050193
463,-1.04521200761145,0.211120235996973
464,-0.441985709970302,-0.208349603449943
465,0.0531898000613914,-0.686208011577699
466,-0.857358088660738,-0.0452397725226772
467,-0.103789535645804,1.1755510830543
468,1.0323634056249,-0.600254866329595
469,1.0891003538412,1.17520251026545
470,1.58940134566481,1.55973003888405
471,1.9637860705616,-0.383820766476634
472,1.39533308138497,-0.667479586334866
473,0.862004462807273,1.15236093692921
474,-1.38869959006409,1.30022007260455
475,-1.09438150170939,-0.661174607754332
476,-2.48012673430595,-0.652203801818301
477,-0.360837974077295,-0.255698355553536
478,-0.383889618585203,0.428670920236194
479,1.56865796418797,0.757460341227471
480,-1.31507107095431,0.98918153708028
481,0.212788717639358,-1.15800496391146
482,-0.972712043048211,-1.17890388893164
483,1.35169841387747,0.198154849587114
484,1.6886111578386,1.08862988523407
485,-1.3443957781411,0.706567858577649
486,-0.0630561473056506,1.07406325323491
487,-0.748380468111872,0.0023913495272936
488,-0.111455124621176,-0.934947671842167
489,-0.682823055970062,-1.55977600864505
490,0.862902963519402,-0.235993785052649
491,1.33398378034337,1.00484760131575
492,1.83594993243225,0.0493644826627716
493,1.22163144896592,-0.667546654722942
494,2.26215558187951,0.565627397281525
495,-1.17650804650329,-1.47190021627843
496,-1.12418650863094,-1.11230459019604
498,-0.465319964834325,-1.37888041468463
499,0.219025839690668,0.287790881387644
500,-0.506928610254523,-1.00430530284046
503,-0.345796956084017,-0.483612487402626
504,-1.42053148282381,-1.36615555765247
505,1.08717068275971,-0.672934006352491
506,-1.32504762662443,1.08553814113224
510,-0.230755816452018,-0.775047605722059
511,-0.126778385347394,0.0013766881098994
512,-0.326454239017575,-0.410211720198317
513,-0.267542090761786,-0.287256718032009
514,-0.149503132811773,-0.143048328192879
516,-0.199066013559778,-0.686166294292489
517,0.778700064744243,0.148773157226464
518,1.26805696247055,0.0417657849261511
519,1.60081097611788,-0.333137289988002
520,1.07092960737751,0.970862150725073
521,-1.78443091754406,-0.714123557732832
522,-0.817318354738312,0.250662895171574
523,0.198725179896378,-1.65567153229968
524,-1.18890048732596,-1.60540616573262
525,1.7463718268005,-0.109283492604586
526,-1.3028124286744,1.43000501174657
527,-0.204140371106943,0.184860607681282
528,-0.411607422491476,-2.14803588653317
529,1.12981989982553,0.0470031149913697
531,1.94910073266823,-0.388568554812874
532,-0.810453929955975,-0.337168935451934
533,-0.440548211764469,1.45893152668441
534,-1.06905375682223,1.83035780647536
535,-0.273155293482095,0.338702886320276
536,-0.388662803423665,1.07667890951999
537,-0.444735281927208,0.230761252588265
538,-0.996482273113855,1.70505346403859
539,0.336409856095518,-1.10225499433576
541,-0.418843981571815,0.254240519590035
542,0.281078549597683,-0.125238960147947
543,-0.285360593412449,2.78065196182281
544,-0.202446760819785,1.79269199756578
545,-0.509498749286256,1.32833917151122
546,-0.817790882645255,-0.879927090705823
547,-0.276203963635312,-0.476618925255884
548,-0.91668669205167,1.16814605821881
550,-0.462595037856007,-0.256340490757083
551,-0.0483286981669984,-0.465476015560337
552,-0.0153773598538515,-0.813931163162111
553,1.43077943572555,0.353272085053637
554,-0.467719952340933,0.398170712931648
555,1.61521779756222,1.0004645767392
557,0.759273281532439,0.348722859976058
558,-1.73800729976071,-0.485302623585065
559,-1.05565478130662,0.451941334242902
560,-0.729608372095554,0.188958674470859
562,-0.334230957771728,2.2085777300603
563,-1.22683663950512,-0.183602842534427
564,-1.15095363570443,-0.85000200316015
565,-1.45802927091167,-2.07084037553628
566,-1.76071419883886,1.23303855536132
567,-1.00413152462834,0.735268558004754
568,-1.07569142881923,-1.53733832276156
569,-0.694579592019419,0.8743991164557
570,0.174230546175941,1.19321175755458
571,-0.872309829350571,-0.949018246819322
572,0.54314479277163,-0.872517937936593
573,-0.194063307412911,1.42722280554627
574,-0.435846908144762,1.78433669952969
575,1.76178600336001,-0.197348281851751
577,-0.640709075161197,1.81154747558954
578,0.880196935041113,-0.206338354868101
579,-0.527557474338468,0.503765389064589
580,0.142992019260672,-1.19272612288977
581,1.42515535123178,-0.54061597429997
582,-0.846144512882236,-1.57644814846251
583,-0.50724846625624,-1.61208620808917
584,0.4417326204723,0.376024752808424
585,-0.824220597362016,1.60138837689348
586,-1.56586339550999,1.21783468114948
587,-1.9318668364353,1.57749972855077
588,-0.0035550976986109,-0.225470711984734
589,-0.516964974605113,-0.992057421144665
591,-0.258166559637664,-0.370858811561733
593,1.53489503826529,1.05980877511854
594,1.37709688492682,1.50012088905297
595,1.20758779566362,0.1903386223922
596,1.34257666837692,0.0008822814807638
597,1.00682013306863,-0.609406071953694
599,-1.06282123931284,-0.0959133650612525
600,-0.788196684087765,0.505123681493282
601,-0.0208209903429296,-0.626723951986264
602,-0.820699061999706,1.13365219530322
603,-0.76912403168379,1.54703826598743
604,0.0765480054699525,-0.676588615898789
605,-1.15708597626155,1.12216891773244
606,-0.0462102401170372,0.478080979423023
607,-0.167611296112543,-0.41932131560873
608,-0.272320267658931,-0.456457391520992
609,-0.917032842500142,0.503113784393052
610,-0.689505710335529,-1.6560525217347
611,-0.94200515113272,1.07091143327774
612,0.437232760750934,-0.128814029353226
613,-1.19290881193378,0.53899909708221
614,0.34852927102608,0.0656724757169521
615,-0.0091750864923092,-0.66552234263672
616,-0.187790784932763,0.289979743648868
617,0.183308669290796,1.37032901382547
618,-2.20107995740558,-0.726068415057172
619,-0.287298337230266,0.0167851039585237
620,-0.336187199034807,1.048445385554
621,0.4344366783805,0.948005987458681
622,1.80029629860449,0.058691312503538
623,-0.792570350385604,-0.12580358234202
624,-0.885393305762531,-2.06124706826695
625,-0.43196172514381,0.969862453308446
626,-0.185505972487755,-0.240207042935293
627,-0.329524721642041,-0.601238260054279
629,-1.01060565458853,0.498704571955776
630,-0.475084223278892,1.18494953616332
632,1.6369475701093,0.0442951761796233
633,1.0642259747948,-0.136655796997058
634,0.747890975528066,0.126939300695997
635,1.96871523295941,0.908754868843987
636,1.44656074734661,1.11350063240873
637,-1.24586414907764,0.176461020846006
638,-0.555934974995622,0.376914521111768
639,-0.37348850040293,1.07365832778885
640,-0.851707448430237,2.25211559117215
641,0.118774275668398,2.12087770252614
642,-1.14933340194011,-0.758736886066493
643,-1.38912794902189,-0.666010791298777
645,-0.443457398121002,-0.928453269835991
646,-1.61361300329837,-0.999425164362213
647,-0.738293878390566,0.15341007909868
648,1.18953201585109,-0.0484377659466173
649,-0.350450114150985,0.0988011073918962
650,-1.04887559911582,1.56242220119791
651,-0.150943465908839,-1.78603555294049
652,-0.490931714705173,0.318641971197021
653,0.086340960146313,-1.05632432705263
656,-0.487212328147564,1.78756050315632
657,-0.267937034772445,0.0798242266860162
658,-0.310786040127243,-0.206681487573999
659,-0.272483990793584,-0.265090155987824
661,-0.802809701950213,1.42008974421345
662,-1.07979869871078,1.46901760473892
663,-0.432103785916316,2.02720449118392
664,1.86165384238263,0.973956609683388
665,-0.731354484472484,0.521857101977158
666,2.23390716355354,-0.218856064523598
667,-0.245748421364214,-0.736995384940377
668,-0.197657927750776,0.581073015620044
669,-0.367856361039516,1.44108254538269
671,0.516725240368141,0.56701949977404
673,0.222957855455815,-0.890806554621925
674,-0.29861768680024,-0.0637523949147098
675,-0.751159162601161,0.654303863057269
676,-0.126869171311479,-0.323333343435735
677,-0.644274037451761,0.518215743910028
678,-0.484245030871985,-0.468739329105076
679,-0.310317395209365,-1.08987527140624
680,0.0508077344078805,-0.969640074900029
681,1.51873687695585,1.29108933555754
682,-1.50452246982189,-1.09182306639191
683,-1.79694084656043,-0.172942986395539
684,-1.32992954883429,0.960125518305884
685,-1.13494120611646,-0.782143896721485
686,-0.298195538533377,1.78745491210833
689,-0.0642140493832396,-0.329417192115239
690,0.0524123610713971,0.093148986625105
691,-0.210943917544521,-0.370054544284285
692,-0.758846250854144,0.478622578061407
694,-0.595087899544795,0.347644100343953
695,1.04791817899191,0.383197795411604
696,-0.498692578017838,-0.469621279202911
697,-0.09198866553696,-0.884226104907263
699,-0.23104251292401,0.570541091345947
700,-0.45477943704871,0.888097054573471
701,-0.553137220634009,2.66056219935239
702,1.65320008914615,-0.135708002192179
703,1.3267500257859,0.836328414104575
704,2.40037380473417,-0.212544370897638
705,0.411723465618797,-0.632847199862627
707,-1.19610537124515,1.86173539983226
708,-0.317754588700433,1.89406954878356
709,-0.241227119177413,-0.288173107422028
711,-0.890575436744378,-2.13097403083706
712,1.52058559717921,-1.58100753119077
713,-1.34963616147579,1.86228096441116
715,-1.44558807276803,0.320321203397439
718,2.19135363454675,1.06208880171313
719,0.754615747506814,0.338427684788158
720,1.33926347852436,0.658632251241309
721,0.83424118245851,-0.64636795813866
722,1.2202030311795,1.17789476629009
723,1.08647638305985,0.918704880889428
724,0.470685972652992,0.0422840570751628
725,1.58554441087668,0.686859407780611
727,-0.840612656203124,0.0264326225188353
728,1.21707986796928,-0.678403692842056
729,2.31789688186695,0.572927008106831
730,-0.745674338489889,0.115495995922475
731,-0.918205397789212,1.12693416924839
732,-0.757756742907683,0.568017926076728
733,-0.550494932340095,0.165295118081357
735,-0.142474834453734,1.99728258879589
737,-0.859561213219779,-0.76527902715285
738,0.304204763971459,0.363439962879463
739,-0.965237652306687,0.429391803725337
740,1.02612895794397,0.692335915485243
741,-0.320935668706834,0.131150260646031
742,-0.678607743073559,-1.41577575855687
743,-0.136052644024279,-1.43401361584237
744,-0.904969015727253,0.582327247929567
746,-0.409796285323494,-0.0278398663485982
747,0.327808199589409,0.266218752103313
748,-0.209243173049009,-0.962290272479959
749,-0.594945846062426,-1.11276398021906
750,0.723183667811629,0.318520701498159
751,-0.39484502037811,0.0863132104888911
752,-0.425982679960439,1.11440207687035
753,-0.937837482594268,0.312374302405426
754,-0.907928698834371,1.02543371696271
755,-0.106655365098832,-1.2160652948614
756,-0.486464356921813,0.0215591161967131
757,-0.0986629885871078,-0.706480040290136
758,0.325559859501457,0.892138372202535
759,0.967088110320506,0.546266575180011
760,0.650274658636634,0.286527056616383
761,1.02904723153468,1.44824806906709
764,-0.879421288900421,0.52840392307658
765,-0.835570866982522,0.46635443670947
766,-0.201470028706989,-0.290596697912338
768,0.0154241354970729,-0.332116110165329
769,-0.593972200210751,-0.225971839656442
770,-1.06200020889016,-1.30408595509879
771,-0.762936472177689,0.182856170450643
772,-1.28109708223749,0.299886474848044
773,-1.60815239779009,0.663441580561016
774,-0.297976250057089,-0.105369595059237
775,-0.666457305023113,0.205791689717815
776,-0.426243410323129,-1.30983543179187
777,-0.0189861676198936,1.35692173803165
778,-0.436844123104442,0.558195367781017
779,-0.738018274525493,0.607759650510766
780,-0.687971959079334,1.12918308878168
781,0.888783752097662,-0.0317906052896555
783,-0.674357012972871,0.933707831286073
784,-0.0417007674295952,1.28086019561302
785,1.4352666546471,0.359557463197224
787,-0.265854191687457,1.0613655114182
788,-0.225544690957974,1.88382571781792
789,-1.45958458814432,-1.08613562430872
791,1.20184169908838,-0.255242710401842
792,0.874552933961278,0.790293783254136
793,-0.722395990632351,-1.20570582756966
794,1.41763889364991,-1.02787047560266
795,2.20672527901112,0.242363973779526
796,1.93799925243447,-0.442962097656489
797,-0.975205266166383,-1.12823738602272
798,-1.02646261257612,-0.514245325434441
801,-1.53674461396583,1.39619769764102
802,-0.513306834475683,-0.227231135323377
803,-1.00321360660619,1.77585179305921
804,-1.22058765014807,0.229548345055624
805,-0.109613627163123,-0.170144987083239
806,-0.320139412782912,-0.0402276451230774
807,-0.253578372019887,-0.592128736396165
808,-0.463973334954606,-0.326738964708761
809,-0.361149173072169,-0.193311806624156
810,-0.535233112213891,0.920840111678202
811,0.703833013419582,0.405802380996645
813,1.78589556112361,0.669751433322983
814,0.847483906508825,0.922633128307261
815,0.763404148746158,-1.31390556293496
816,0.70740091169345,-0.21373207754778
818,1.44537555831543,-0.127102739001379
820,-2.04304721127324,-0.686689086412747
821,-2.03816695306387,-0.797460442270115
822,-1.29695484453789,-0.997851614316322
823,-1.0545792744622,0.458544507724175
824,-1.06825987610658,0.167880607798014
825,-1.30733358152445,-0.871834091676533
826,0.0120408298720066,2.01674596140933
827,-0.905679525626603,-1.58574199993829
829,-0.249994318426056,-0.218272997354824
830,-1.36666162133419,1.27692081768667
832,0.0464062551667944,0.0069788096250255
833,-0.829233904700215,0.0042803391783717
834,1.15230974051593,0.0320744025500381
835,-0.092417495012217,-0.174825056616584
836,0.377543516273079,1.72769138881079
837,-0.860380483032689,-1.10387103729178
838,1.98776426320191,-0.0138554903102885
839,1.69216964952935,0.507956290917368
840,1.82780973884489,-0.090045569483436
841,1.85737324520282,-0.341681390474991
842,-0.813108337115532,0.395710769449078
843,-0.672154348743091,2.01399579642582
844,0.118581565486546,0.886813701684945
845,-1.02162981255119,-1.43252554705651
847,1.49698991849313,-0.0777568870105625
848,-0.5070582849858,1.9227491951226
849,0.115085434112197,1.6571122403154
850,-0.35609951712146,-0.0796898025806037
851,-0.643367062965172,1.89157749816622
852,-0.776034113213265,0.212179590244679
853,-0.344733076916885,-1.36798280159147
855,-1.07013968770551,-0.3449244609172
856,-1.14062156254977,1.65797714860212
857,-1.03420373265211,0.98031607203282
858,-1.21501086287982,0.373910600837517
859,0.147883452511564,-0.892916931743015
860,-0.838513838511823,-0.393677830581737
861,-0.365001411136226,-0.291181056815084
862,0.0923268214937442,0.294081200608172
863,-0.37685745673722,-0.461836107933526
866,1.69739915208134,0.454736562800882
867,0.89912522230389,-0.464995816614389
868,0.747067625977897,0.321701369496946
869,-2.1011811585395,-0.499370875774417
870,-0.689431123548053,-0.879799781339199
871,-1.95955562603971,-0.985029619732906
872,-0.557202227563499,-0.26690159080852
873,-0.502142505288925,-0.60441065665548
874,-0.820853362443178,0.451297086738932
875,-0.922354909383559,-1.70395076642526
878,-0.0317257816539285,0.0786467410223749
879,-0.928181693397823,-0.63939904302519
880,-0.793053262429967,1.65091315196816
881,0.629742769568353,-1.47887781713127
882,-0.83028367285359,-0.0366968472445664
883,-0.627625509910743,-0.032635068294795
884,-1.2694258822821,0.47243045146395
885,-1.02137705778893,1.88372858445567
886,-0.997773272880104,-0.329205462747641
888,1.86260846561639,-0.0900208578608137
889,0.0050116052423786,-0.187998313573517
890,0.878701983774913,0.0307199586845758
891,-0.955136888274867,0.848068367612742
892,0.849755317092221,-0.515105117118535
893,-1.82422793353438,-0.810232381481312
894,0.356653829807121,-1.3752067811567
896,-0.533127794956428,-1.31018641332269
897,-0.850573097033568,-2.48940629161934
898,-0.395946301379284,-1.16496290655217
899,0.14336781254192,1.22484958191126
901,0.640626075584604,-0.633217990783041
903,1.52275446953101,1.03681685096629
904,-1.4083275063161,0.84422584136676
905,-1.34288587390713,1.19381745032441
906,-0.630800926833981,-0.430094088213157
907,-0.0789111869104574,-0.711479070873212
908,-0.483341511822502,-0.950036832909688
909,-0.120371037394595,-0.471935353507855
911,-0.542725568439466,-0.830459404411514
913,0.209549545305894,0.152467051988752
914,1.74879213588579,1.57367280566274
915,0.838976413927552,0.774026002509492
916,1.00517454320501,-0.267302524872471
917,1.52119892608122,0.311213651241148
918,0.620720558403525,0.410207245245368
919,1.31251498042421,0.147105202139904
920,1.43169389591382,-0.403585688997433
921,-1.88302669945884,-0.906022879330538
922,-0.874438907258364,0.251827134747852
923,-0.398636491723744,0.127151790923037
924,-0.461568734692437,1.50025705676535
925,-0.625784863082063,1.58821166093531
926,-0.928828130500802,1.72595654894894
927,-1.23241740541861,0.924504284133105
928,-0.970231704677487,0.624711889849902
929,-0.213546733769469,-0.0528305513288675
930,-0.724594174047889,-0.193772016100153
931,-0.25926950855994,0.328915703890076
932,0.0343946009445479,0.160310816424703
933,-0.265205845390105,0.0402345683157707
934,-0.242189624909054,-1.23452743920566
935,-0.389970425699592,2.9015955828926
936,0.40596541101997,0.175982273354414
937,0.361872646552096,-0.543656856713052
938,-0.552364637907718,0.344147258349134
939,-0.166217436440504,2.34510838489666
940,-0.179101660276064,0.742105959742579
941,0.0109433936476756,-1.38800881173264
942,1.06587661189883,1.25176743640374
943,-0.718851695022689,-0.408834323813269
945,-0.618928635070825,-0.0254835129574754
946,-0.619798842420301,1.50664037744037
947,2.33778725377916,0.0118526403827921
948,-0.262242385367502,1.92127368294058
949,-0.61094907188147,0.961353510693119
950,-0.469546894654198,0.212845776484308
951,0.137508522664179,-0.925133143125412
952,-0.135680567142279,-0.923860616618483
953,1.26590062109707,0.682651262009845
954,1.17124032909648,-0.584447063650333
955,-0.283222273978835,-0.477106925945239
956,-0.362053785684232,-0.299361985734499
957,0.0373408123352745,-0.781991323687703
959,-1.03235494776701,2.07425527047957
960,-1.08617543264824,0.619396943296044
961,-0.48128179032596,-0.535409079032992
962,0.205554612034266,0.0831226671353124
963,-0.229359469174019,-0.666787064690963
964,-0.240388303293022,-0.426047034976748
965,-0.358477718506206,-0.273055432580764
966,0.700842508215947,-0.225374128687073
967,0.434520813615429,-0.766460501950621
968,0.369927102972835,-0.933719050376177
970,2.20506700542364,0.202761018167619
971,-0.87685563905554,-1.11018220113226
972,-1.48552836149594,0.609366537815773
973,-0.951960777671988,-1.3408632869623
974,-1.18287898858491,-0.926030810036822
975,-0.620899718598726,1.50076976302139
976,-0.791844636437335,-1.76175102758288
978,-0.86236652078153,-0.530031615041305
979,-1.13157344765671,-0.884279668744304
981,-0.157915594142672,-0.601341644695478
983,-0.586483954480552,-1.0606206317873
984,-0.976409077765759,0.79866325608455
985,0.276200613110127,-0.628654385047256
986,-0.548820925838944,-0.411529840404133
987,-1.21121951575307,-0.18592169735879
988,0.0744275082093711,-0.480267375140376
989,-0.33528582365803,-0.322881232070598
990,-0.533463321889125,-1.48100088348819
991,-0.630508109899694,1.1000050420296
992,-0.495084835246405,1.78899780161512
993,-0.199912091258078,0.850097384970235
994,0.201141789228585,-0.789308433099688
996,0.429121893453188,-0.786963951373082
997,0.188017887198806,-1.64234032947864
998,1.50461718839506,1.39613998984503
999,-0.478074360809015,-0.592193545595614
1000,-0.729346420148366,2.32521926630011
1001,2.43590291767913,-0.258429424325782
1002,-0.0829336638099248,-0.394490033145928
1003,-0.569000006721038,1.36299772994725
1004,-0.324041151517062,-2.40859968893942
1006,-0.362793644065541,-0.418609469551455
1007,-0.0395391926479676,1.29189376751692
1008,-1.09918364688547,1.91767880537213
1009,1.73550751541481,-0.130491718554403
1010,-1.0401120697091,-0.344312469397605
1011,-1.42492289340937,0.445851872407428
1012,-0.854288781709218,0.269062276029392
1013,-0.233971202927898,-0.251137111745465
1014,-0.408570215671853,-0.145036163271304
1016,-0.353527898189734,-0.832686025346928
1017,-0.332892421308113,-0.540843147247995
1019,-0.330659398120444,-0.547482683348405
1020,-1.02857831326495,-0.0228443370311364
1021,-0.650154639939314,-0.472421398546571
1022,-0.325346280058885,-0.177473173379292
1023,1.06445674422825,1.12978013473747
1024,0.826925931639196,1.13454364488716
1025,0.360112467581864,-0.49385629853624
1026,1.04757257034966,0.445118445488859
1027,1.36591542912597,0.41751148601968
1028,0.95845540648857,-0.115083094513446
1029,-1.54596564407133,-0.633547400575849
1030,-0.811513803595001,-0.119838105445466
1031,-0.951833660323487,0.665283408796336
1033,-1.19769359975894,-1.32564361581822
1034,-0.0334310208268509,-2.1081325464417
1035,-0.309060168542093,1.28255580436669
1036,-0.826022538175946,-1.44974356446975
1037,-0.931898701188988,1.45270442273889
1038,-0.818876627056946,-1.16295262688215
1039,-0.858167563175493,0.0278843621648291
1040,0.0355838513214496,-0.532675420540281
1041,-0.640446079926074,-1.21075971416272
1042,-1.15838642137538,0.462681086387641
1043,1.12893755029723,0.0034055247392673
1044,-1.00517525814204,-0.919442425342134
1045,-0.366253796155871,-0.943682479592003
1046,0.136039624863262,-0.641549491317272
1047,0.145932289731147,-0.388788976516073
1048,-0.91499612152176,0.213086429807258
1049,0.134872578046445,1.2314471505336
1050,0.111302660846305,1.36532320649945
1051,0.0770367494177547,-0.492362710800681
1052,0.105227429471783,-0.649437270094407
1053,-0.163866232887462,0.264053268581151
1054,-0.596101037489245,-0.270888392181593
1055,0.0179702891224165,-0.386036436172672
1056,2.19561613353975,-0.482252829236791
1058,-0.259421817539602,-0.526393220366969
1059,-0.269613850420936,1.99404183806425
1060,-0.18528550809949,0.0384105991597846
1061,-0.244696153365621,0.692467441531597
1063,1.10699896587686,0.760540443087434
1066,-0.325868807321051,-0.25766227271593
1067,-0.0630436314847209,-1.05186466734934
1069,-0.936569940633034,-1.61210372461187
1070,1.88421197264615,-0.0048391149209594
1072,1.49941791022872,-0.446547963955308
1073,-0.851887567371999,-0.0721280234839264
1075,-0.0776250504650317,-0.333503947005595
1076,0.114692100040305,-0.746260916166604
1077,-0.0829348584359185,-0.582184695895626
1078,-0.158532006929156,-0.819803031273187
1079,-0.0840167468067132,0.962132371720034
1080,1.46984545049128,0.74820893070717
1081,1.19035223906459,-0.650901723794097
1082,0.964565276691304,0.363226204555624
1084,0.70350990093256,-0.470822948949267
1085,1.75937502182007,-1.84192990139375
1086,-0.950603374298944,-0.038493574212767
1087,-0.145918272191497,-0.32299768524326
1088,-0.801000479673763,-0.710465276005492
1090,-0.51338222725144,0.259577824042087
1091,-0.992039237944634,2.28137447363273
1092,-0.0233911272762308,1.20125752588237
1093,-0.501547985163545,1.73352389996272
1094,-0.642991225906565,-1.24200421398501
1095,-1.07473204624549,-0.317959432910163
1096,-0.55894760477496,1.16007056750322
1098,-1.23865861054034,-0.933393917755158
1099,-0.919465042668625,-1.08059415772626
1100,-1.42289986779025,1.3146629776768
1101,-1.09458584068537,1.38354815853291
1102,-0.695783419778132,0.502249783718916
1103,-0.198393670882846,-0.0772832383078543
1104,-0.48551643461955,-0.312865599135267
1105,-0.888136034602637,0.795576144933121
1106,-0.861352288655435,-1.74207641469461
1107,1.66154906847547,-0.845539701916363
1108,-0.932555575408488,0.591979919808053
1109,-0.0219894871359463,-0.391512121788241
1110,-0.0578752750320184,-0.999720207353843
1111,-0.481475252284181,1.31421395106244
1113,0.510114870248094,1.00356613917772
1114,-0.868734555875276,1.91128808885209
1115,-0.399433691128084,0.396605630716729
1116,1.4827749607424,0.428793494531467
1117,-0.413984397877874,-0.274606811150888
1118,1.72930262042534,0.211331301469471
1119,0.530380779354444,-1.0374365174775
1120,-1.98171882711955,-0.539018749895464
1121,-0.520178675205597,1.69049091728295
1122,-0.477501716662686,0.0758153230922242
1123,-0.296522288242709,-0.383027312969794
1124,-0.246705844331807,0.0323873320269405
1125,-0.343034123439806,0.468424905258323
1126,1.6524823304346,-0.925467384713237
1127,1.00877678245981,0.578167018534579
1128,1.87155388071817,-0.420749597768642
1129,-0.0211077816143861,-0.981927053482963
1130,1.22949428341001,-0.340714582485119
1131,0.768589318860217,-0.217815202473074
1133,1.56660679685037,-0.465836055908428
1135,-0.41288225542496,-0.67641495302209
1136,-1.03886019693834,-1.95375953365132
1137,-1.25763683282988,0.208659042829532
1140,-1.33493369272725,0.289839017837666
1141,-0.894881529284252,0.58791171884215
1142,0.0037238036969577,0.223219370073346
1143,-0.295551128582466,-0.180465247268484
1145,-0.197864013354586,-0.470510297662384
1146,0.0156134412808636,-1.00945904015771
1147,0.392985743541965,0.0364054787944122
1148,1.07112717086507,-0.125733135711656
1149,0.803643293338018,0.0607458427497909
1150,1.04553509284141,-0.123971189469866
1151,1.02496489320634,0.160747030324431
1152,1.8579072200715,0.156500074128295
1153,1.50693975430246,0.456132111207926
1154,1.45924383605143,0.845378141714324
1155,1.39336420093736,0.0477097795849798
1156,1.18451113510974,-0.31763467414879
1157,1.6996620475836,0.573027437675924
1158,1.16405108458005,1.00641550674753
1159,0.75414723092262,-0.783314710878842
1160,1.48459745140339,0.36622685090728
1161,1.94931843838411,-0.582728358165569
1162,-1.78499292742215,-1.32335397020425
1163,-1.3224502237121,-0.485064742432385
1165,-0.515342658901439,-0.282076422088989
1166,-0.433617356504703,-1.1034878033405
1168,-0.477853016072342,0.831462782038239
1169,-0.338369643095324,1.52988892818985
1170,-0.331064340737553,0.100483015647621
1171,-0.197058590018595,-0.747191698822283
1174,0.710290651850712,-0.0103073444828163
1175,-0.734215094249374,-2.28763795409211
1177,-0.217105635559059,-0.618972266544425
1178,-0.197219158402188,-0.378228745636026
1179,-0.271385114076088,1.65728806504844
1180,-0.875301874810658,-1.25463812430218
1181,-0.662336606055314,-0.720708692061984
1182,-0.469661909152574,0.103441265234738
1183,-1.15070798117136,0.905128095464546
1184,-0.537937320538997,1.50309003489703
1185,-0.260212907664782,-0.665989527991831
1187,-0.186014292912753,-0.250396080655282
1188,-0.149972740770605,0.135295338381267
1190,-0.592542401154845,-0.405106404892846
1191,-0.719605885586913,0.0828983169981743
1192,0.521610205512943,0.386261305012554
1193,1.94725533348583,0.923906085121581
1194,-0.554107885227851,-0.404899741086817
1195,-1.02460007637125,-1.18441155770735
1197,1.39485010855451,-0.71230974163404
1198,-0.534361875769122,0.381876912654765
1199,-0.524989892656857,-0.225542867748524
1200,-1.01529941312838,0.496213738783199
1201,0.0891482264075893,-0.377452403640076
1202,-0.519383438731924,0.0545303642957409
1203,-0.516359486618327,0.266913377393168
1204,-0.214426205864243,-0.641168149145648
1205,-0.427412297900719,-0.780632335548136
1206,0.0750117308362515,-0.647308016527776
1207,-0.0955926122231912,-1.03261253392134
1208,-0.202542670489557,-0.0287278524861829
1209,0.025441862460269,-0.778642999040443
1210,-0.327873933655153,-0.871832877035846
1212,1.67526293174061,0.674724935248057
1213,0.0647068435098405,0.064555666724094
1214,0.873125172430359,-0.580788180648496
1215,1.58390262269679,0.447378911242453
1216,0.957471083712946,0.37538559703485
1217,1.21070814701765,0.0807001563152005
1219,-1.71620465069612,-1.28242610703667
1220,-2.07329853706552,-1.27451925633006
1221,-0.353447529423336,0.527436937463402
1222,-1.35995220294971,1.00254595271544
1223,-1.01925111632185,1.22195433729433
1224,-1.4307697344476,-0.45235569937698
1225,-0.750504726573862,-1.0304224586515
1226,1.08618944753314,0.409319912492042
1227,-0.930913627913228,0.301395927226216
1228,-1.63828345175085,1.72432986491009
1229,-1.28112434263178,1.13312521725058
1230,-0.132061404627338,-0.466584580173938
1231,-1.11872017104797,0.323899954940372
1232,0.0614721175507043,-0.614984059677017
1233,-0.267327120535039,-1.71998313834479
1235,-0.872500591233247,-1.7304826783186
1236,0.133700925746072,-1.19129840606318
1237,-0.675093571328752,-0.785905001516729
1238,0.0189085352075117,1.76206647076972
1239,1.49352367238498,0.792658196671622
1240,1.10082332451969,-0.4879785023262
1241,0.267039086688626,-1.03199260942308
1242,-0.0928017493757657,-0.757708631590163
1243,1.6457610901956,-0.834181576059412
1244,0.67319463905027,1.36165409803232
1245,0.182125902564286,-0.258786554861588
1246,-0.165088169100205,1.03228621150396
1248,-0.0336833741737987,1.69001278417135
1249,-0.881939200916133,2.25166941303852
1250,1.88747679820657,-0.643752745298657
1251,1.11625252080941,-1.47014940146084
1252,-0.757230330978269,-0.996356097309375
1253,0.448981340618955,-0.583551847917485
1254,1.83658626966058,-0.69939906411195
1255,-0.0321234376734538,0.667110194336546
1257,-0.0777205842203249,-1.14222275021888
1258,-0.304384245129991,1.62896881269703
1260,-0.485002020081824,1.92188414302678
1261,-0.490130883077246,1.16184608862609
1262,-0.0445838132001704,-0.141042589902384
1263,-0.224568131384031,-0.254488335826368
1264,-1.45476499834092,1.16781494567894
1265,-0.105768139685369,-0.478966180329361
1266,-0.250519201319927,0.115995134161812
1267,-0.340426184017769,-0.608322503566129
1268,0.612619147455356,-0.544618375414815
1269,-0.799487339920519,-1.11040104087128
1270,-0.363552157996543,-0.751458004430627
1271,1.32941065543376,0.272615422200273
1272,1.40950255722125,1.23914063644439
1273,0.837929127441696,-0.754612937183645
1274,0.0769169125855161,-0.097945560279484
1275,-0.5800329944553,-0.0661507310098963
1276,-0.569794981898441,-0.668894788802769
1277,0.0587051082725639,-1.67092715522505
1278,-0.86137620914806,0.834364003349634
1279,-0.83350625466146,-0.649179187878541
1280,-0.635332537138076,-0.639010742175053
1281,0.0849622650930377,-0.0921449995730454
1282,0.130390498937282,-1.11063008748614
1284,-0.974950446321494,1.11937485927655
1285,-1.62039441725643,0.56373540976682
1286,-1.25030991931129,1.30871992459224
1288,-0.277816089560239,1.51839386539658
1289,-0.402633690386037,-0.880164876196378
1290,0.116558159822858,-0.368830518622356
1291,-0.415475150518447,-1.33329104665291
1292,-0.618614146595444,-1.31746179951295
1294,-0.551574776576617,-1.31494111807098
1295,0.0948568792223611,-1.08779107458557
1296,-0.546278675901145,1.71725608820654
1297,-0.768544660589742,2.46205145000907
1300,0.746772386020364,-0.39940765879368
1301,0.0922110671635616,-1.27633907668228
1302,0.471102656265899,-0.0102754753700481
1303,0.259737615019901,-0.107691527523627
1304,0.806762951259069,-0.195302254535007
1305,1.11097631768497,-0.0531393014025828
1306,1.06628028732936,-0.4716786791487
1307,-0.0208309935698241,1.08717932305127
1308,2.20114541286383,-0.356537778866463
1309,-0.296942298700118,1.077226767386
1310,1.8757541921829,-0.146276490825837
1312,-0.0786287975436995,0.653950058028622
1313,-0.203009452283543,-0.271951687818828
1314,-0.293996571204334,-0.458523478683019
1315,-0.196109502062865,-0.789903940013572
1316,1.51240640318413,0.248926359363841
1317,-1.5796947772727,0.938675410366302
1318,1.08244844828436,-0.287031031206529
1319,-0.966902585854963,0.518153364804774
1320,0.0767071653171097,-0.539950878054984
1321,-0.299180190774114,-0.766879115721132
1322,-0.297438141168394,-0.383799105560566
1323,-0.609014030954196,-0.0927046557371825
1324,0.998527668178032,-0.108594252071994
1325,1.17324483345177,0.0588052768292472
1326,0.672369342456897,-0.197230000591909
1327,1.23534560511597,-0.41131473908814
1328,1.57203334567221,0.424197702521351
1330,-1.04221877898097,0.382439526552275
1331,-0.403397034626714,-0.622639105764458
1332,-1.30557900808824,0.160276237125273
1333,-0.840071539628144,-1.03348458282196
1334,-0.605445316469051,1.31477134932416
1335,-0.897033417310815,1.1832390987142
1337,-0.253145555178448,1.67610032979613
1338,-0.380999254904948,-0.462881217718053
1339,-0.23836690524015,-0.100802303627362
1340,-0.596687592152876,-0.154518141433039
1341,-0.118923559451051,-0.632407062787489
1342,-0.0574245885745463,-0.757571783320302
1343,0.187239759416148,-0.41929025362299
1344,0.403835691808768,0.303803631575348
1345,1.32844270085337,0.243204196870988
1346,-1.29664337717351,-1.7157878355635
1347,-0.232540092592074,-0.439675276160125
1348,-0.443604855072151,-0.241919183131914
1349,-0.542888284212582,-1.14463917968031
1350,-0.588719288432024,0.256733912430536
1351,0.363649379236121,-0.421598437673189
1352,-0.506237338992239,-0.297646665257509
1353,-0.409586058813987,-0.0488335870477049
1354,-0.468271322297931,-0.191331447844056
1355,-0.183792048972994,-1.00888082348844
1356,-0.35870906158804,-0.961144170329106
1357,2.0025770398764,-0.525210071738766
1358,0.933158952811882,-0.213792130899484
1359,0.888567040376495,0.0243714510564185
1360,1.19590246911003,0.0270569196928539
1361,0.64386789898869,1.02909606798176
1362,-0.348403378293707,-0.68145554523083
1363,-0.186902612455852,0.490699844729017
1367,-0.552474396635118,-0.10766697932308
1368,-0.527718613004618,0.288045453426344
1369,1.11350156086763,0.148884420847147
1370,-0.408193887807685,-0.116926849876714
1372,0.883582764292588,0.749364135261495
1373,-0.860804703569461,1.87941391313663
1374,-0.393310517404606,-0.29204575388525
1375,-0.126964186774664,-0.658984116447203
1377,-1.22188904159121,0.866537734510167
1379,-0.222066719380579,-0.530346516355109
1380,-0.520035732985617,-0.477326322549017
1381,0.0587257748398395,-1.05448761746552
1382,-0.35204259690786,-0.528620088275564
1384,0.75226293589813,1.11193639761339
1386,0.828820079973396,-0.746084300677753
1387,0.926655554212155,-0.148362267612593
1388,0.628422782122968,-0.123112374725271
1389,-0.488094699033716,-0.858235706764316
1391,-1.22909108418488,0.717745956593162
1393,-1.12182874670439,-0.396868231008728
1394,-0.380016538470956,-0.114089948374264
1396,-0.280984967862486,-0.951568983004983
1397,-0.312451431177603,1.97297030206206
1401,-1.12450006730951,-0.711183452429534
1402,-1.31612782830078,-0.177356054392271
1403,-0.623578206632541,-0.0314867999797562
1405,-1.387514975953,0.607819177089979
1406,0.246378651245753,-0.241796569170878
1407,-0.333764515947537,-0.414357021730307
1408,-0.477891004749367,-0.088433651079135
1410,-0.767638399492634,1.43603107678847
1414,1.0150571824781,-1.84601958069912
1415,-1.06047213324383,-1.90528011232008
1418,-0.496345065668514,-0.241298815618184
1419,0.122284947564243,-0.11273684806007
1420,1.69498236374401,-0.492330529110818
1421,-0.462759753670327,1.97652822441129
1423,-0.679461383457547,-1.93013609230226
1424,-0.394140211645152,1.62366721741095
1426,1.66881793338384,-0.312793836442421
1427,-0.594077451119489,-0.285190497780292
1429,-0.236159059752119,-0.493406219945418
1430,-1.31043570647335,-1.49199679485801
1431,-0.862854168465546,-1.41300358210867
1432,-1.823590095544,-1.33387904525262
1433,-1.08793737025099,1.10837333169866
1434,-1.33780867803332,1.19159168056866
1435,-1.35754643179136,0.300723372488642
1437,-0.351098983637327,-0.503523474044591
1438,-0.245014762749011,0.0631176957162071
1439,-0.33375777553515,-1.08823695673537
1441,-0.867413406368245,-0.171155837947184
1442,-0.381953728709061,-0.169091572949233
1444,-0.736549786857812,-0.420016360061321
1445,-0.305675520759177,-0.789199337261477
1446,-0.145049889353928,-0.575916492315884
1447,-0.613097713349865,-0.227324032393304
1448,-0.117376784903069,0.344471010491899
1449,-0.213331341379081,-0.386913021950054
1450,1.32574568910111,-0.183370167203926
1451,1.1074217482805,0.372591566770927
1452,0.502034068152882,0.664034570893593
1453,1.07563752190464,-0.244376891129906
1455,-0.57310799202704,-1.52711631086323
1456,-0.958094522973385,1.63788708664516
1457,-1.42747022478953,0.96327470246789
1458,-1.64097263216674,0.861045315716645
1459,0.0983510355158133,0.10514731071011
1460,-1.44443404854759,-0.981453084602341
1461,-0.789787161796487,0.75735940396991
1463,-0.331938899321788,-0.21717883157532
1464,-0.393702380348375,-0.398385034709992
1465,-0.241297199214059,-0.161070430389398
1466,-0.724692248017965,0.0390543095591789
1468,-0.608026419805283,-0.798437730119757
1469,0.665383349228242,-1.16205713179494
1470,-0.468135085658082,-1.17175624768974
1471,-0.711219811087271,-1.38915970173269
1472,1.20093332742495,0.601504682696368
1473,0.434435009540129,0.369743119286141
1474,0.58580726965329,0.329412827392007
1476,-0.303743005134089,0.305031401012049
1477,0.448059748851774,-0.0388571245198392
1479,0.848431724277438,-0.672323741580037
1480,-0.458313270339468,-0.175226811586776
1481,-0.187313360808784,-0.348081221309571
1482,-0.401347100265963,1.45472366228819
1483,-0.896087218609932,-1.64012247992439
1484,0.232891957448775,-0.680673728487506
1486,1.17274935798769,-1.18438102905255
1487,0.232654589720979,-0.942175558524434
1488,-0.536284134965534,0.20112000319743
1489,-0.168061948655916,-0.909565941192945
1490,1.45102550203817,-0.133068048346728
1491,-0.684010486895771,-0.326718650881792
1492,-1.03369326889478,0.617203762102567
1494,-1.5097713284027,1.47874579479489
1495,-0.0671693612192871,-0.300088123225149
1496,-0.0811417982999889,-0.621880247007449
1498,-0.154923275893786,-0.305715101208806
1499,-0.608202899127907,-0.294645914644261
1500,0.26895163472213,-0.271200881302374
1501,1.69414996082847,0.682738526248752
1502,-0.243810492754031,-0.459099839591755
1503,0.222424596503898,0.509227039942473
1504,1.09223471689314,0.158854730922211
1505,1.13512137897788,-0.79850356846062
1506,0.997122387498712,0.138753478063842
1507,1.29207323596376,-0.50333454759697
1508,1.65577128095227,1.08018635911551
1509,1.33645075763329,0.10667900825137
1511,-0.444244917848555,0.300441316779004
1512,0.466037145136607,-0.10880260614696
1514,-0.451348698593289,-0.129707095122269
1515,-0.0146366389001836,-1.00204982831465
1516,-0.26570146844355,-0.24876149615717
1517,1.40140406822463,0.372768048099799
1518,-0.146658518239793,-0.929469910218908
1520,-0.226569912947024,1.22924621607523
1521,-1.27117311897835,0.987866326251002
1522,-0.504590663136201,-1.07924751469598
1523,-0.54436221166775,-1.13545744414413
1526,-0.827529538075034,-0.612363630454098
1527,-0.301178934989674,0.0749236632878667
1528,-0.653473596005312,-0.0722826287705146
1529,-0.321331766209588,0.127534941840894
1530,0.307567295530088,1.28898156171678
1531,-0.439967864519154,-2.1600414153517
1532,0.662867241087461,-0.85410656845029
1533,-0.454769366221524,-0.461444034541067
1534,-0.472610450700251,-0.347482640225221
1535,0.0131716862551646,0.275775315355554
1536,1.63581799890274,0.690450110756657
1538,0.0103279816439622,0.317484591887548
1540,0.181104881866933,-0.197198348622949
1541,-0.156144683000097,-0.210528889204979
1543,-1.27360535084048,-1.10068041327612
1544,-1.04500604728278,0.6447519428745
1545,-0.807084061402799,0.316387934391449
1546,-1.49465975012013,0.416940468045544
1548,-0.39375104503199,-0.519875935747549
1549,-0.211364151820104,-0.212661441515853
1550,-0.203053485562312,-0.73863343800465
1551,-0.20942736781097,-0.502080929797494
1552,-0.0104040974811867,-0.240324682629413
1553,1.42976372587713,1.09407283539504
1555,1.35410642312527,0.275797863210984
1557,0.942721967691791,-0.157665716196965
1558,0.924314437679756,-0.581702206468957
1559,-1.99027906230179,-1.55162575997771
1560,-0.722469899592878,-1.33070759429366
1561,-0.0608272662753033,0.916257317263295
1562,-0.512454023015379,-1.50730345039923
1563,-0.482394192954746,-0.413082149354542
1564,0.162082695413384,-0.471294710112112
1566,0.707023123647891,0.26301542411941
1567,-0.422138036755619,0.146913719384743
1569,-0.247223872315462,-0.330957856672201
1571,-0.635529399887719,-0.186243908526433
1572,-0.838150158078253,-1.87363235504329
1573,-0.498032662586686,-1.49359320551691
1574,-0.752156715086467,-1.64006617486853
1575,-0.371597314061256,-1.67351131687379
1576,-0.788191974189662,-1.3736957348687
1577,-0.49303611034989,-0.700230701568235
1578,-0.0853686764517555,-0.350318170188122
1579,0.759066891488599,0.840324770708437
1580,-0.449500406124958,-1.35415442859452
1582,0.560888882532789,-0.411839524006378
1583,0.697924830568356,0.820874639020486
1584,-0.601280939190034,0.0359395227274361
1585,1.95031209985108,-0.511555863687818
1586,-0.575085320954147,0.803040463226797
1587,-0.205499065855711,0.183903843686004
1588,-0.472872827911415,-0.304509779311681
1589,-0.254739358197006,-0.466405422060683
1591,1.66048114019145,-0.179437718760219
1592,0.244391885673561,0.553924202088255
1595,0.143892386790796,-1.22678170769253
1596,-0.461246384935577,0.746901416425503
1598,-0.659624169269359,-0.642944373443987
1599,1.49374582657369,-0.180823576307212
1600,0.0326592988755944,-0.556658370357948
1602,0.213394778915619,-0.711109763502261
1603,-0.159577163144536,-0.858383346252394
1604,0.419819716119329,-0.788034860649658
1605,-0.17545728045059,-0.33920717803658
1606,0.753875753924543,-1.32312531162604
1607,1.84343852363026,-0.47107352067374
1608,0.596075978886687,0.387467274803706
1610,-1.83769734321914,-1.42132924451374
1611,-1.24801064423549,-0.804827871197778
1612,0.383190497570845,-1.39496245011037
1613,-0.128332138269924,0.822510523147164
1614,0.162380076351206,1.11324483618545
1615,-0.477835581198978,1.12943549754845
1616,-0.0994678740523785,-0.13074425891437
1617,-0.174228306259419,-0.732125950259358
1618,0.843510661661469,-0.196580503002895
1619,1.32589294503086,0.445625925103231
1620,-0.981614919546149,0.126161380809712
1621,0.464450430216891,0.46258242586033
1622,0.825158488149504,0.0498235097626386
1623,1.10569291017407,-0.354854372474499
1624,-1.2779573372115,-0.882722614877842
1625,-0.621929093645053,-1.26213073031158
1626,-0.142257843438233,0.590173323387201
1627,-0.458069543857502,0.668794343854606
1628,0.819713870628505,-0.0486798926700128
1629,0.822390427815114,-0.124206284780971
1630,-0.0556619741014553,-0.39148898087281
1631,-0.0677990740534183,-0.320428760231723
1633,1.20989911595897,-0.212559430182775
1634,1.17235146856353,-0.574654256590539
1635,-0.268299021622145,-0.368887345108481
1636,-0.549807121371177,0.29416575598716
1637,1.52920210389604,0.292749256905482
1638,-1.33979943542043,-0.829290784289506
1639,0.957196772862973,0.0288280949226084
1640,1.89303102192993,-0.4529449635845
1641,-0.0096579285683759,0.137548681891166
1642,-0.526559394099995,1.16602146555827
1644,-0.0712941590612139,0.238452197618005
1645,0.018189862068489,-0.60989076656022
1647,1.71464164878841,-0.821800203333083
1648,-0.976160227047163,0.132448517566809
1650,0.109122618114848,-0.593462610182436
1651,-0.558469277820976,-0.141830059186752
1652,0.0583681862467852,0.256288860337321
1653,0.128653828140794,0.65934872194992
1654,1.48222133302435,0.529317937696334
1655,0.848486107906283,0.663755875324707
1656,1.23920184720755,0.404519011968444
1659,1.63446220000095,1.57297435104997
1661,-1.40573436723853,-0.691456078751192
1662,0.251509156977981,0.33946375103324
1664,-0.986879788208338,-0.637439046548491
1665,-0.757758060139592,-0.739448412149296
1666,-0.695162142150734,-0.593687920214652
1667,-1.10068537769162,-0.670951273822994
1670,0.898678700500613,-0.169093433652427
1672,0.0249539283036118,-0.734081911730319
1673,-1.45746694661494,0.26403856219032
1674,0.949607036741938,-0.584591079160219
1675,-0.63551351473289,-1.65773412650996
1676,-0.439712418719253,-0.877458517056007
1677,-0.354152773089335,-1.14070659636177
1678,-0.293397193312907,0.637845138175773
1679,-0.981427424107171,0.404882783207919
1680,0.810168364901751,-0.943423717980599
1681,-1.22769871150714,0.487776383367912
1682,0.997066793153685,-1.11580112388026
1683,0.614089076688475,-0.21675748240087
1685,0.86604291618101,-0.0432479184472487
1686,-0.151403536191018,0.0607819362899063
1687,0.228685723027446,0.184421845138664
1688,-0.382659056111162,-1.10435472097457
1689,0.531600979528797,-0.175169748083362
1691,-0.268934235558822,-0.612104716403786
1692,-0.127265706052618,-1.11100620098038
1693,-0.2909003845245,0.74421893439368
1694,0.728404171775078,0.105152048752245
1695,1.41572715514308,-0.0680343628768129
1696,1.23741859671627,-0.490370225039304
1697,1.19152732328047,0.159272363822146
1699,-0.842962280383566,-1.40353824722549
1700,-0.654840856948022,-0.911075270438588
1701,-0.504777534063167,-0.286766579403871
1702,-0.176649662746788,-0.495554119677408
1703,-0.0532422648155336,-1.32856239620261
1704,-0.035482318497545,-0.7560449136363
1705,1.28785785081571,-0.558022383940238
1706,-1.12929582262208,-1.63168196374689
1707,-1.3032711431823,1.46957977652801
1708,-1.10784208841277,-0.0141985758105412
1710,1.36309796160802,-0.573532356205186
1712,-0.821910963278774,-0.41218359131995
1713,0.219970546687277,-0.417533597773935
1714,-0.161001759569158,-0.651696044011502
1716,0.246763195310397,-0.312455985787516
1717,-1.06965770866796,-1.28465476785696
1718,0.624005123366063,-1.23107416713283
1719,-0.690983089001082,-1.13350555830593
1720,-0.575347055873823,-1.88580541103955
1721,-0.657145130053991,2.09318518068963
1723,1.87756466335484,0.338535133148017
1724,-1.26568802360644,1.41705451348412
1726,-0.405515361060872,-0.516386062485046
1728,-0.861255094669829,0.006875934970581
1729,1.71421403461671,0.116887698324031
1730,1.15958387128367,-0.50918578031275
1731,-0.829178088076428,0.238547863581398
1732,-0.156595547764272,0.491517194086026
1733,-0.872070367775896,-1.28508770349729
1734,-0.0136786839751561,0.0801481092413691
1735,0.0570473551257811,0.361607040810609
1736,1.33277639866098,0.381329545779831
1737,-0.0086373598266276,-0.20214318548419
1738,0.0326653469838983,-0.628017444354774
1739,-0.291134743722384,-1.56518420055595
1740,0.569307895640851,-0.259116482591581
1741,-0.170975625567,-1.60315937125061
1742,-0.710372705597212,-0.739258552424969
1743,-0.172574416462004,-1.09045232434018
1746,-0.214225045883002,-0.647608094231253
1747,1.4328130808507,0.34982927476188
1748,1.22982051146313,0.0476870405684768
1749,-0.0824657599439934,-0.79007787452417
1750,0.394839281677616,0.428717407617455
1752,-0.728256424726643,-0.797392900468203
1754,1.03101539325201,-1.3084266340519
1755,-0.809647271794777,-1.01951136406919
1756,1.20150289723414,-0.609179913112492
1757,-0.862893378271607,0.31597894877022
1758,-0.761357642927956,-0.0411906941646445
1759,1.399373253176,-0.254790947055385
1760,0.662058221176874,-0.28168850400899
1761,0.216406215336803,-0.117131160476748
1763,-0.755754828118255,0.173406163542751
1764,-0.346254703629327,-1.09071334183782
1766,1.03896398084381,0.416670040997003
1767,1.61893631673953,0.75944737256946
1768,1.75523470390383,-1.06559686544277
1769,-0.899038423779637,1.0442314761294
1770,-0.143580601233767,-0.728477724108738
1771,0.509302960237355,0.289416211362905
1772,-0.847436354486201,-0.1284321335841
1773,-0.0626355033101474,-0.142659689045187
1774,0.032747344270984,1.35946878912536
1775,1.20075338908705,0.601372673209625
1776,0.496481101688376,-0.631858170654568
1777,0.366641842776969,-0.101547916748545
1778,-0.972366878661966,-0.145140427004242
1781,1.48421128838697,-0.0061254375013132
1782,1.60635731758784,1.5787923736837
1783,-0.166916265756997,-1.33085711432628
1784,2.48237485851858,-0.0458208560701301
1785,2.1181243961285,0.0134893272917801
1786,0.59834572858823,-0.817928382708088
1787,-0.305985930506214,0.0954685368890748
1788,-0.387225821964672,0.142948549391457
1789,0.43049178919472,-1.11579655762624
1790,1.88962197670045,0.213871761965282
1791,0.40882208402635,-0.234317126442789
1792,-0.481622992676637,1.52473483346191
1793,-0.744138366900622,0.864668770821264
1794,-0.402919322099011,1.20334076823393
1795,1.37449237802729,1.21171982450709
1796,-0.472239578651781,-0.131083323285409
1797,1.12939516733247,1.9594393438586
1798,-0.908833725477175,-0.946875834804869
1799,1.76906911335962,-0.0881052713670087
1800,0.888750126106896,0.420875585732399
1801,0.721562590131353,-0.209928985057905
1802,1.31160124245134,-0.893369010544554
1803,1.46946392216419,0.848295004164958
1804,0.0910634009421226,-0.418914043520289
1805,1.64685984569841,-0.626611831981896
1806,1.77071213332535,-0.0703925765208266
1807,1.44671682670841,-0.634624863075137
1808,0.245386490815997,-0.3163118271262
1809,2.13078783387669,-0.559886541217939
1810,1.64306737027857,-1.40375280503747
1811,-0.665761775185705,-1.54978583389303
1813,-0.370330130363395,1.26275120399868
1814,0.0698534958749876,-0.764456749042029
1815,1.02892120302085,0.34684039638272
1816,1.2759644379948,-0.356351657691281
1817,-1.61951929929117,-0.784368035167037
1818,-1.050424771887,-0.304697342367238
1819,0.0437391487778863,0.784352981992296
1820,-0.484607413830212,-0.309366602105884
1821,1.65332381805436,0.290336632546106
1823,2.28496279281275,-0.46956438360895
1824,-0.316167398928539,-1.68146546671793
1825,0.750386663791692,0.0106048905579995
1826,1.89644073982305,-1.19488897120159
1827,-0.0885659832731142,-0.223753370873655
1829,1.76202007609072,0.377725566856765
1830,-0.213304412455773,-0.747399565645025
1831,1.49930924200778,-0.136572362763891
1832,1.84631343678846,0.402718064589488
1833,-1.38896736158158,-0.130893308408813
1834,1.44304714953777,1.04970678690857
1835,2.23100206156505,0.362871417534575
1836,-0.851058053843554,-0.150456271275672
1837,-1.22408249941132,0.302572001870849
1838,0.989218082959766,0.144325919060901
1839,0.136742532602924,-0.421675964046745
1841,0.117229504952298,-0.962944130134001
1842,-0.594397895978614,-0.656967355106884
1843,0.587375709408369,0.599066811493886
1844,0.99490318436313,-0.277638174968139
1845,-0.305089200806092,-1.03394902691483
1846,-0.301031667425522,-1.50073009347912
1847,0.911395130162711,-0.128600665598265
1849,0.49903047751221,0.204520427456127
1850,-1.02909494381762,-0.351248259021974
1851,1.367954299455,0.0297927291293227
1852,-0.147586339512014,1.27537622073299
1853,-0.184223515232701,1.51849315670659
1854,-1.30200066163984,-0.633518348919379
1855,-0.94594331200485,-0.596863198625717
1857,-0.106322230426407,-0.0906155875291924
1858,-0.96259096961667,-1.14532449393269
1859,0.715045488273202,-0.805960002265737
1860,0.192477066846602,-0.637629089201189
1861,-0.725841597032079,-1.11603384153699
1862,0.659439855856345,-0.288645385191551
1863,0.382440604725831,0.324800039002593
1864,1.41461257039778,-0.71205211663326
1865,-0.716645727996362,-0.0979818760409451
1866,-0.511327310621659,0.56772412216345
1868,1.15903853082458,-0.674972489040963
1870,-0.155471889975537,-0.53275190146109
1871,0.957641247765118,0.199010054013623
1872,0.376698168066627,-0.191327109131921
1873,1.38710158883168,-1.13035799789523
1874,1.33009948101636,-0.763127890215409
1875,0.0968796829262446,0.703834228470425
1876,-0.104351496419592,0.379630171896863
1877,1.01544172203084,-0.253776366024448
1879,-2.01391963425421,-1.39048846388848
1880,0.415024881856504,0.0324891908311303
1882,0.158682132105253,-0.283197350999938
1883,-0.202105819346432,-0.373380722317366
1884,-0.464772368216167,0.399882419997471
1885,0.7323691665063,-0.0264819827196853
1886,-0.467714609485322,-1.47260645008141
1887,1.35621603646512,0.608106857186945
1888,0.863443993587093,-0.389279744054902
1889,0.445058461992169,-0.308500440791774
1890,0.0936237320110457,-0.43012788062569
1891,-0.714556138356829,-1.65108511909853
1892,0.678050335432541,-0.491595589824253
1893,-0.640347898564845,-0.166096293932185
1894,-0.0050293422721857,0.567623894279569
1895,0.784688052092163,-0.0038534479881824
1896,1.30558556374724,-0.96219290822916
1897,-0.352762133181692,-0.697769010700227
1898,1.12254918911549,-0.162442068839045
1899,0.857582057192912,-0.263710676443453
1900,-0.032761260804086,-2.02868039898371
1901,-0.312445959544841,-1.0082504557587
1902,-0.889579747702229,-0.952261560819538
1903,1.0504030928287,-1.49954803389149
1904,-0.642228385092153,-1.92752730792631
1905,1.22185919914147,-0.291389370212705
1906,1.74634944193644,-1.18744748370062
1907,0.454778049801941,-0.491513190899776
1909,-0.241476049025951,-1.07578808248505
1910,-0.251646378720899,0.548223499890568
