,index,party,color,party_id,yays,nays
0,6,Grüne,#008000,4,48,27
1,17,FDP,#4169E1,2,37,38
2,40,FDP,#4169E1,2,42,33
3,41,Grüne,#008000,4,44,31
4,44,glp,#32CD32,6,44,31
6,91,CVP,#FFA500,3,38,37
7,98,FDP,#4169E1,2,52,23
8,108,Grüne,#008000,4,50,25
10,159,Grüne,#008000,4,44,31
11,164,Grüne,#008000,4,45,30
13,225,CVP,#FFA500,3,42,33
14,239,FDP,#4169E1,2,44,31
15,246,glp,#32CD32,6,48,27
17,316,CVP,#FFA500,3,41,34
18,317,CVP,#FFA500,3,40,35
19,318,CVP,#FFA500,3,43,32
20,319,CVP,#FFA500,3,56,19
21,320,BDP,#800020,5,47,28
22,328,glp,#32CD32,6,48,27
23,370,FDP,#4169E1,2,29,46
24,385,glp,#32CD32,6,45,30
25,493,SP,#FF0000,1,46,29
28,527,CVP,#FFA500,3,35,40
29,595,FDP,#4169E1,2,49,26
30,613,Grüne,#008000,4,42,33
31,614,Grüne,#008000,4,44,31
32,643,CVP,#FFA500,3,43,32
33,649,BDP,#800020,5,44,31
34,650,SP,#FF0000,1,45,30
35,652,BDP,#800020,5,42,33
36,653,SP,#FF0000,1,49,26
39,658,SVP,#006400,0,33,42
40,736,SP,#FF0000,1,49,26
41,743,SVP,#006400,0,32,43
42,750,CVP,#FFA500,3,34,41
43,753,Grüne,#008000,4,43,32
44,754,Grüne,#008000,4,48,27
46,761,glp,#32CD32,6,43,32
47,765,Grüne,#008000,4,46,29
48,772,Grüne,#008000,4,46,29
49,791,CVP,#FFA500,3,39,36
50,792,CVP,#FFA500,3,45,30
51,795,Grüne,#008000,4,45,30
53,832,SP,#FF0000,1,47,28
54,854,glp,#32CD32,6,43,32
55,874,Grüne,#008000,4,46,29
56,878,SP,#FF0000,1,45,30
57,883,SP,#FF0000,1,47,28
58,895,Grüne,#008000,4,46,29
59,903,Grüne,#008000,4,44,31
60,913,CVP,#FFA500,3,42,33
61,914,CVP,#FFA500,3,40,35
62,915,CVP,#FFA500,3,33,42
63,916,CVP,#FFA500,3,48,27
64,918,BDP,#800020,5,35,40
65,919,SP,#FF0000,1,44,31
66,920,SP,#FF0000,1,44,31
68,925,FDP,#4169E1,2,27,48
69,931,SVP,#006400,0,28,47
70,951,FDP,#4169E1,2,37,38
72,955,SP,#FF0000,1,47,28
74,1007,Grüne,#008000,4,48,27
75,1015,Grüne,#008000,4,46,29
76,1022,Grüne,#008000,4,47,28
79,1040,CVP,#FFA500,3,35,40
80,1041,BDP,#800020,5,48,27
81,1042,SP,#FF0000,1,46,29
82,1043,SP,#FF0000,1,42,33
83,1044,SP,#FF0000,1,44,31
84,1045,SP,#FF0000,1,44,31
85,1049,Grüne,#008000,4,47,28
86,1078,CVP,#FFA500,3,53,22
88,1087,CVP,#FFA500,3,46,29
89,1092,FDP,#4169E1,2,42,33
92,1115,SP,#FF0000,1,47,28
96,1134,Grüne,#008000,4,51,24
99,1171,FDP,#4169E1,2,48,27
100,1172,FDP,#4169E1,2,37,38
101,1185,BDP,#800020,5,47,28
102,1186,BDP,#800020,5,49,26
104,1205,SVP,#006400,0,39,36
105,1219,Grüne,#008000,4,46,29
106,1226,CVP,#FFA500,3,41,34
108,1241,FDP,#4169E1,2,37,38
109,1243,glp,#32CD32,6,44,31
110,1260,SVP,#006400,0,36,39
111,1270,BDP,#800020,5,49,26
112,1275,Grüne,#008000,4,47,28
113,1276,Grüne,#008000,4,46,29
114,1281,Grüne,#008000,4,39,36
115,1284,BDP,#800020,5,41,34
117,1290,Grüne,#008000,4,45,30
118,1294,Grüne,#008000,4,45,30
119,1295,SVP,#006400,0,34,41
120,1300,FDP,#4169E1,2,30,45
121,1304,CVP,#FFA500,3,36,39
123,1313,BDP,#800020,5,43,32
124,1314,SP,#FF0000,1,45,30
125,1315,SP,#FF0000,1,48,27
127,1319,SVP,#006400,0,30,45
128,1320,FDP,#4169E1,2,38,37
129,1321,FDP,#4169E1,2,35,40
130,1333,SVP,#006400,0,26,49
131,1351,FDP,#4169E1,2,36,39
132,1352,FDP,#4169E1,2,38,37
133,1364,FDP,#4169E1,2,36,39
134,1366,glp,#32CD32,6,44,31
135,1371,SVP,#006400,0,38,37
136,1374,SVP,#006400,0,33,42
137,1375,SVP,#006400,0,42,33
139,1391,glp,#32CD32,6,46,29
140,1393,glp,#32CD32,6,45,30
141,1399,Grüne,#008000,4,42,33
142,1405,Grüne,#008000,4,40,35
143,1407,CVP,#FFA500,3,37,38
144,1408,Grüne,#008000,4,44,31
146,1410,FDP,#4169E1,2,32,43
147,1411,FDP,#4169E1,2,42,33
148,1412,FDP,#4169E1,2,34,41
149,1417,CVP,#FFA500,3,38,37
150,1426,CVP,#FFA500,3,34,41
151,1427,glp,#32CD32,6,50,25
152,1428,SP,#FF0000,1,46,29
153,1429,SP,#FF0000,1,45,30
154,1430,SP,#FF0000,1,47,28
155,1431,SP,#FF0000,1,46,29
157,1434,FDP,#4169E1,2,26,49
159,1447,CVP,#FFA500,3,38,37
160,1448,CVP,#FFA500,3,38,37
161,1454,FDP,#4169E1,2,36,39
162,1456,SP,#FF0000,1,44,31
164,1463,FDP,#4169E1,2,40,35
165,1464,Grüne,#008000,4,48,27
166,1479,Grüne,#008000,4,49,26
169,1509,Grüne,#008000,4,47,28
170,1515,Grüne,#008000,4,45,30
172,1530,Grüne,#008000,4,45,30
173,1532,CVP,#FFA500,3,33,42
175,1541,BDP,#800020,5,40,35
176,1542,BDP,#800020,5,41,34
179,1546,SP,#FF0000,1,45,30
181,1548,SP,#FF0000,1,46,29
182,1549,FDP,#4169E1,2,32,43
183,1550,Grüne,#008000,4,45,30
184,1553,glp,#32CD32,6,49,26
185,1568,SP,#FF0000,1,55,20
186,1569,FDP,#4169E1,2,33,42
188,1592,SVP,#006400,0,41,34
189,1600,CVP,#FFA500,3,34,41
190,1611,glp,#32CD32,6,47,28
191,1616,Grüne,#008000,4,41,34
192,1618,Grüne,#008000,4,44,31
193,1620,SVP,#006400,0,24,51
195,1622,glp,#32CD32,6,38,37
196,1625,Grüne,#008000,4,43,32
197,1626,CVP,#FFA500,3,37,38
199,1628,CVP,#FFA500,3,35,40
200,1629,CVP,#FFA500,3,37,38
201,1638,BDP,#800020,5,54,21
202,1639,SP,#FF0000,1,49,26
203,1640,SP,#FF0000,1,48,27
204,1645,SVP,#006400,0,36,39
205,1652,CVP,#FFA500,3,35,40
207,1664,SVP,#006400,0,40,35
208,1682,SVP,#006400,0,38,37
209,1688,glp,#32CD32,6,51,24
210,1690,SP,#FF0000,1,48,27
211,1697,glp,#32CD32,6,50,25
212,1700,Grüne,#008000,4,46,29
213,1704,Grüne,#008000,4,48,27
214,1706,glp,#32CD32,6,48,27
215,1709,SVP,#006400,0,40,35
217,1714,SVP,#006400,0,40,35
219,1716,Grüne,#008000,4,46,29
221,1718,FDP,#4169E1,2,31,44
222,1719,FDP,#4169E1,2,38,37
223,1721,Grüne,#008000,4,42,33
225,1728,BDP,#800020,5,37,38
226,1729,BDP,#800020,5,41,34
227,1730,BDP,#800020,5,44,31
228,1731,SP,#FF0000,1,44,31
229,1732,SP,#FF0000,1,46,29
230,1733,SP,#FF0000,1,43,32
231,1734,SP,#FF0000,1,43,32
232,1735,SP,#FF0000,1,48,27
233,1736,SP,#FF0000,1,42,33
234,1737,SVP,#006400,0,23,52
235,1739,glp,#32CD32,6,44,31
236,1749,CVP,#FFA500,3,42,33
237,1750,Grüne,#008000,4,45,30
238,1751,SP,#FF0000,1,47,28
240,1754,FDP,#4169E1,2,37,38
242,1758,SVP,#006400,0,37,38
243,1759,BDP,#800020,5,40,35
244,1765,glp,#32CD32,6,47,28
245,1767,BDP,#800020,5,32,43
246,1769,SP,#FF0000,1,45,30
248,1780,glp,#32CD32,6,43,32
249,1781,glp,#32CD32,6,40,35
250,1785,Grüne,#008000,4,45,30
251,1786,SVP,#006400,0,44,31
253,1788,glp,#32CD32,6,47,28
254,1790,FDP,#4169E1,2,24,51
255,1791,CVP,#FFA500,3,42,33
257,1798,CVP,#FFA500,3,49,26
258,1800,CVP,#FFA500,3,43,32
259,1801,BDP,#800020,5,45,30
260,1802,SP,#FF0000,1,48,27
261,1803,SP,#FF0000,1,47,28
262,1804,SP,#FF0000,1,43,32
263,1805,SP,#FF0000,1,46,29
264,1806,SP,#FF0000,1,45,30
265,1807,SP,#FF0000,1,47,28
266,1808,SP,#FF0000,1,54,21
267,1809,SP,#FF0000,1,48,27
268,1810,FDP,#4169E1,2,34,41
269,1811,SVP,#006400,0,25,50
270,1813,FDP,#4169E1,2,54,21
272,1817,glp,#32CD32,6,48,27
273,1818,glp,#32CD32,6,45,30
274,1819,glp,#32CD32,6,40,35
276,1825,FDP,#4169E1,2,34,41
277,1827,SVP,#006400,0,33,42
280,1838,glp,#32CD32,6,49,26
281,1840,SP,#FF0000,1,49,26
283,1849,SVP,#006400,0,40,35
285,1858,Grüne,#008000,4,50,25
286,1860,BDP,#800020,5,42,33
287,1862,Grüne,#008000,4,40,35
288,1863,Grüne,#008000,4,41,34
289,1864,Grüne,#008000,4,45,30
290,1866,BDP,#800020,5,49,26
291,1867,BDP,#800020,5,44,31
292,1868,glp,#32CD32,6,49,26
293,1869,Grüne,#008000,4,48,27
294,1872,SVP,#006400,0,33,42
295,1874,FDP,#4169E1,2,40,35
296,1875,FDP,#4169E1,2,33,42
298,1879,CVP,#FFA500,3,42,33
299,1883,CVP,#FFA500,3,32,43
301,1885,SP,#FF0000,1,51,24
302,1887,glp,#32CD32,6,46,29
303,1889,glp,#32CD32,6,50,25
304,1890,glp,#32CD32,6,44,31
305,1891,CVP,#FFA500,3,44,31
306,1892,CVP,#FFA500,3,42,33
307,1895,CVP,#FFA500,3,34,41
309,1897,SP,#FF0000,1,44,31
310,1898,SP,#FF0000,1,50,25
311,1899,CVP,#FFA500,3,31,44
312,1900,SP,#FF0000,1,44,31
313,1902,FDP,#4169E1,2,37,38
314,1905,glp,#32CD32,6,47,28
315,1911,FDP,#4169E1,2,33,42
316,1912,glp,#32CD32,6,46,29
317,1922,SP,#FF0000,1,43,32
318,1928,SVP,#006400,0,35,40
320,1933,glp,#32CD32,6,52,23
321,1934,glp,#32CD32,6,45,30
323,1936,glp,#32CD32,6,46,29
324,1937,glp,#32CD32,6,49,26
325,1938,glp,#32CD32,6,39,36
326,1939,Grüne,#008000,4,48,27
327,1940,BDP,#800020,5,39,36
328,1941,glp,#32CD32,6,46,29
329,1944,glp,#32CD32,6,50,25
331,1948,BDP,#800020,5,38,37
332,1949,Grüne,#008000,4,47,28
333,1950,SVP,#006400,0,33,42
334,1951,Grüne,#008000,4,47,28
336,1954,SVP,#006400,0,33,42
337,1955,FDP,#4169E1,2,36,39
338,1956,FDP,#4169E1,2,34,41
339,1957,FDP,#4169E1,2,33,42
340,1958,FDP,#4169E1,2,26,49
341,1961,Grüne,#008000,4,45,30
342,1962,CVP,#FFA500,3,45,30
343,1963,CVP,#FFA500,3,38,37
344,1964,CVP,#FFA500,3,43,32
345,1965,FDP,#4169E1,2,38,37
346,1966,FDP,#4169E1,2,31,44
347,1968,SP,#FF0000,1,49,26
348,1969,SP,#FF0000,1,49,26
351,1972,SP,#FF0000,1,51,24
352,1973,SVP,#006400,0,31,44
353,1974,FDP,#4169E1,2,32,43
354,1975,SVP,#006400,0,23,52
355,1976,SVP,#006400,0,48,27
356,1977,glp,#32CD32,6,44,31
358,1982,FDP,#4169E1,2,40,35
359,1983,FDP,#4169E1,2,37,38
360,1984,CVP,#FFA500,3,39,36
361,1985,BDP,#800020,5,30,45
362,1988,FDP,#4169E1,2,52,23
363,1992,glp,#32CD32,6,40,35
364,1994,Grüne,#008000,4,50,25
365,1998,SP,#FF0000,1,44,31
366,1999,glp,#32CD32,6,46,29
367,2001,SP,#FF0000,1,51,24
369,2003,CVP,#FFA500,3,41,34
370,2010,glp,#32CD32,6,48,27
371,2011,glp,#32CD32,6,48,27
372,2012,glp,#32CD32,6,52,23
373,2013,glp,#32CD32,6,41,34
374,2014,Grüne,#008000,4,44,31
375,2015,Grüne,#008000,4,45,30
376,2017,BDP,#800020,5,55,20
377,2018,Grüne,#008000,4,46,29
378,2020,glp,#32CD32,6,49,26
379,2022,Grüne,#008000,4,46,29
380,2023,BDP,#800020,5,33,42
381,2026,CVP,#FFA500,3,38,37
383,2028,FDP,#4169E1,2,31,44
385,2031,CVP,#FFA500,3,39,36
386,2032,CVP,#FFA500,3,36,39
387,2033,CVP,#FFA500,3,36,39
388,2035,CVP,#FFA500,3,30,45
389,2036,SP,#FF0000,1,43,32
390,2037,SP,#FF0000,1,46,29
391,2038,SP,#FF0000,1,46,29
392,2040,glp,#32CD32,6,39,36
394,2042,glp,#32CD32,6,42,33
395,2043,glp,#32CD32,6,46,29
396,2048,CVP,#FFA500,3,51,24
397,2049,SVP,#006400,0,38,37
398,2052,SP,#FF0000,1,47,28
399,2053,SP,#FF0000,1,47,28
400,2054,SVP,#006400,0,38,37
402,2058,BDP,#800020,5,47,28
403,2060,Grüne,#008000,4,43,32
404,2066,glp,#32CD32,6,43,32
406,2068,glp,#32CD32,6,40,35
407,2072,Grüne,#008000,4,50,25
408,2073,Grüne,#008000,4,45,30
409,2076,Grüne,#008000,4,46,29
411,2080,Grüne,#008000,4,39,36
413,2082,Grüne,#008000,4,44,31
415,2084,BDP,#800020,5,38,37
416,2085,glp,#32CD32,6,43,32
418,2087,SVP,#006400,0,27,48
419,2089,FDP,#4169E1,2,32,43
420,2090,CVP,#FFA500,3,37,38
421,2091,CVP,#FFA500,3,37,38
422,2092,CVP,#FFA500,3,39,36
423,2095,FDP,#4169E1,2,32,43
424,2097,BDP,#800020,5,38,37
425,2098,BDP,#800020,5,50,25
426,2099,SP,#FF0000,1,51,24
427,2100,SP,#FF0000,1,48,27
428,2101,SP,#FF0000,1,46,29
429,2102,SP,#FF0000,1,45,30
430,2103,SP,#FF0000,1,46,29
431,2104,SP,#FF0000,1,46,29
432,2105,SP,#FF0000,1,45,30
433,2106,SVP,#006400,0,31,44
434,2107,SVP,#006400,0,31,44
435,2110,SVP,#006400,0,30,45
436,2111,glp,#32CD32,6,41,34
437,2112,SVP,#006400,0,35,40
438,2113,SP,#FF0000,1,50,25
439,2114,FDP,#4169E1,2,28,47
440,2119,SVP,#006400,0,35,40
441,2122,CVP,#FFA500,3,41,34
443,2124,glp,#32CD32,6,47,28
444,2125,glp,#32CD32,6,50,25
445,2126,glp,#32CD32,6,46,29
446,2127,SVP,#006400,0,34,41
447,2128,FDP,#4169E1,2,51,24
448,2137,glp,#32CD32,6,52,23
449,2138,glp,#32CD32,6,40,35
450,2139,glp,#32CD32,6,40,35
451,2140,SVP,#006400,0,33,42
452,2141,BDP,#800020,5,52,23
453,2142,glp,#32CD32,6,52,23
454,2143,Grüne,#008000,4,44,31
455,2144,BDP,#800020,5,52,23
457,2146,BDP,#800020,5,42,33
458,2149,Grüne,#008000,4,45,30
461,2154,FDP,#4169E1,2,38,37
462,2155,FDP,#4169E1,2,32,43
463,2156,FDP,#4169E1,2,34,41
464,2158,CVP,#FFA500,3,34,41
465,2159,CVP,#FFA500,3,44,31
466,2163,CVP,#FFA500,3,32,43
467,2165,BDP,#800020,5,46,29
468,2166,SP,#FF0000,1,45,30
469,2167,SP,#FF0000,1,50,25
470,2168,SP,#FF0000,1,48,27
471,2169,SP,#FF0000,1,42,33
472,2170,SP,#FF0000,1,44,31
473,2171,SP,#FF0000,1,50,25
474,2173,FDP,#4169E1,2,32,43
475,2174,SVP,#006400,0,29,46
476,2175,SVP,#006400,0,29,46
477,2176,CVP,#FFA500,3,44,31
478,2177,CVP,#FFA500,3,45,30
479,2179,SP,#FF0000,1,47,28
480,2180,FDP,#4169E1,2,39,36
481,2181,CVP,#FFA500,3,46,29
482,2183,SVP,#006400,0,29,46
483,2184,SP,#FF0000,1,45,30
484,2187,Grüne,#008000,4,48,27
485,2190,FDP,#4169E1,2,38,37
486,2192,glp,#32CD32,6,42,33
487,2195,FDP,#4169E1,2,38,37
488,2198,BDP,#800020,5,38,37
489,2199,SVP,#006400,0,39,36
490,2201,SP,#FF0000,1,51,24
491,2202,SP,#FF0000,1,48,27
492,2205,Grüne,#008000,4,43,32
493,2206,Grüne,#008000,4,42,33
494,2209,Grüne,#008000,4,46,29
495,2210,SVP,#006400,0,33,42
496,2211,SVP,#006400,0,32,43
498,2213,SVP,#006400,0,43,32
499,2215,glp,#32CD32,6,48,27
500,2216,BDP,#800020,5,35,40
503,2219,CVP,#FFA500,3,32,43
504,2220,SVP,#006400,0,28,47
505,2221,Grüne,#008000,4,41,34
506,2222,FDP,#4169E1,2,33,42
510,2230,CVP,#FFA500,3,35,40
511,2231,CVP,#FFA500,3,41,34
512,2232,CVP,#FFA500,3,28,47
513,2233,CVP,#FFA500,3,36,39
514,2234,BDP,#800020,5,44,31
516,2236,BDP,#800020,5,41,34
517,2237,SP,#FF0000,1,52,23
518,2238,SP,#FF0000,1,45,30
519,2239,SP,#FF0000,1,47,28
520,2240,SP,#FF0000,1,50,25
521,2241,SVP,#006400,0,29,46
522,2243,FDP,#4169E1,2,47,28
523,2245,SVP,#006400,0,43,32
524,2246,SVP,#006400,0,26,49
525,2248,SP,#FF0000,1,44,31
526,2249,FDP,#4169E1,2,33,42
527,2250,CVP,#FFA500,3,44,31
528,2252,SVP,#006400,0,38,37
529,2253,SP,#FF0000,1,48,27
531,2261,SP,#FF0000,1,44,31
532,2262,FDP,#4169E1,2,35,40
533,2263,glp,#32CD32,6,44,31
534,2264,glp,#32CD32,6,40,35
535,2265,glp,#32CD32,6,38,37
536,2266,glp,#32CD32,6,44,31
537,2267,glp,#32CD32,6,42,33
538,2268,glp,#32CD32,6,44,31
539,2271,Grüne,#008000,4,41,34
541,2276,glp,#32CD32,6,38,37
542,2278,CVP,#FFA500,3,52,23
543,2283,glp,#32CD32,6,46,29
544,2284,glp,#32CD32,6,50,25
545,2287,glp,#32CD32,6,43,32
546,2289,SVP,#006400,0,34,41
547,2290,CVP,#FFA500,3,33,42
548,2291,FDP,#4169E1,2,35,40
550,2294,CVP,#FFA500,3,34,41
551,2295,CVP,#FFA500,3,47,28
552,2297,CVP,#FFA500,3,35,40
553,2299,SP,#FF0000,1,47,28
554,2300,BDP,#800020,5,34,41
555,2301,SP,#FF0000,1,47,28
557,2303,SP,#FF0000,1,47,28
558,2304,SVP,#006400,0,28,47
559,2308,FDP,#4169E1,2,29,46
560,2309,FDP,#4169E1,2,39,36
562,2312,glp,#32CD32,6,47,28
563,2313,SVP,#006400,0,33,42
564,2314,SVP,#006400,0,29,46
565,2315,SVP,#006400,0,25,50
566,2316,FDP,#4169E1,2,29,46
567,2317,FDP,#4169E1,2,37,38
568,2318,SVP,#006400,0,34,41
569,2319,FDP,#4169E1,2,40,35
570,2322,glp,#32CD32,6,50,25
571,2325,SVP,#006400,0,39,36
572,2326,SP,#FF0000,1,39,36
573,2332,glp,#32CD32,6,50,25
574,2333,glp,#32CD32,6,44,31
575,2334,Grüne,#008000,4,44,31
577,2336,glp,#32CD32,6,46,29
578,2337,Grüne,#008000,4,50,25
579,2339,glp,#32CD32,6,39,36
580,2340,BDP,#800020,5,43,32
581,2341,Grüne,#008000,4,43,32
582,2342,SVP,#006400,0,35,40
583,2343,SVP,#006400,0,35,40
584,2344,Grüne,#008000,4,47,28
585,2345,FDP,#4169E1,2,41,34
586,2346,FDP,#4169E1,2,30,45
587,2347,FDP,#4169E1,2,33,42
588,2348,CVP,#FFA500,3,46,29
589,2349,CVP,#FFA500,3,32,43
591,2351,CVP,#FFA500,3,40,35
593,2353,SP,#FF0000,1,47,28
594,2354,SP,#FF0000,1,50,25
595,2355,SP,#FF0000,1,47,28
596,2356,SP,#FF0000,1,44,31
597,2357,SP,#FF0000,1,48,27
599,2360,FDP,#4169E1,2,36,39
600,2361,FDP,#4169E1,2,36,39
601,2362,glp,#32CD32,6,46,29
602,2363,glp,#32CD32,6,39,36
603,2364,glp,#32CD32,6,44,31
604,2365,CVP,#FFA500,3,43,32
605,2366,FDP,#4169E1,2,42,33
606,2367,CVP,#FFA500,3,45,30
607,2368,CVP,#FFA500,3,46,29
608,2370,CVP,#FFA500,3,31,44
609,2371,CVP,#FFA500,3,41,34
610,2372,SVP,#006400,0,35,40
611,2379,FDP,#4169E1,2,38,37
612,2383,SP,#FF0000,1,49,26
613,2384,FDP,#4169E1,2,34,41
614,2392,Grüne,#008000,4,47,28
615,2393,BDP,#800020,5,42,33
616,2395,glp,#32CD32,6,41,34
617,2396,glp,#32CD32,6,48,27
618,2397,SVP,#006400,0,27,48
619,2398,BDP,#800020,5,43,32
620,2400,glp,#32CD32,6,45,30
621,2401,glp,#32CD32,6,47,28
622,2403,Grüne,#008000,4,44,31
623,2404,CVP,#FFA500,3,37,38
624,2405,SVP,#006400,0,21,54
625,2406,FDP,#4169E1,2,43,32
626,2407,CVP,#FFA500,3,38,37
627,2408,CVP,#FFA500,3,31,44
629,2411,FDP,#4169E1,2,40,35
630,2412,FDP,#4169E1,2,41,34
632,2414,SP,#FF0000,1,44,31
633,2415,SP,#FF0000,1,48,27
634,2416,SP,#FF0000,1,53,22
635,2417,SP,#FF0000,1,48,27
636,2418,SP,#FF0000,1,48,27
637,2423,FDP,#4169E1,2,33,42
638,2424,FDP,#4169E1,2,47,28
639,2425,glp,#32CD32,6,42,33
640,2426,glp,#32CD32,6,44,31
641,2427,glp,#32CD32,6,51,24
642,2428,SVP,#006400,0,25,50
643,2429,SVP,#006400,0,35,40
645,2431,CVP,#FFA500,3,26,49
646,2434,SVP,#006400,0,28,47
647,2435,CVP,#FFA500,3,43,32
648,2436,SP,#FF0000,1,47,28
649,2437,CVP,#FFA500,3,38,37
650,2438,FDP,#4169E1,2,34,41
651,2441,SVP,#006400,0,36,39
652,2442,FDP,#4169E1,2,33,42
653,2446,CVP,#FFA500,3,46,29
656,2450,glp,#32CD32,6,45,30
657,2455,FDP,#4169E1,2,48,27
658,2458,CVP,#FFA500,3,33,42
659,2459,CVP,#FFA500,3,34,41
661,2464,glp,#32CD32,6,42,33
662,2465,glp,#32CD32,6,38,37
663,2466,glp,#32CD32,6,42,33
664,2468,Grüne,#008000,4,47,28
665,2470,glp,#32CD32,6,39,36
666,2471,Grüne,#008000,4,46,29
667,2472,BDP,#800020,5,37,38
668,2473,glp,#32CD32,6,43,32
669,2474,glp,#32CD32,6,45,30
671,2476,Grüne,#008000,4,42,33
673,2478,CVP,#FFA500,3,39,36
674,2479,CVP,#FFA500,3,34,41
675,2481,FDP,#4169E1,2,35,40
676,2483,CVP,#FFA500,3,34,41
677,2484,CVP,#FFA500,3,37,38
678,2485,CVP,#FFA500,3,33,42
679,2488,CVP,#FFA500,3,37,38
680,2489,BDP,#800020,5,44,31
681,2490,SP,#FF0000,1,48,27
682,2491,SVP,#006400,0,32,43
683,2492,SVP,#006400,0,29,46
684,2495,FDP,#4169E1,2,34,41
685,2496,SVP,#006400,0,39,36
686,2498,glp,#32CD32,6,45,30
689,2501,CVP,#FFA500,3,41,34
690,2502,CVP,#FFA500,3,47,28
691,2503,CVP,#FFA500,3,51,24
692,2505,FDP,#4169E1,2,37,38
694,2520,glp,#32CD32,6,41,34
695,2525,SP,#FF0000,1,50,25
696,2526,CVP,#FFA500,3,35,40
697,2528,CVP,#FFA500,3,36,39
699,2534,glp,#32CD32,6,43,32
700,2535,glp,#32CD32,6,41,34
701,2536,glp,#32CD32,6,45,30
702,2537,Grüne,#008000,4,43,32
703,2538,Grüne,#008000,4,48,27
704,2539,Grüne,#008000,4,43,32
705,2541,BDP,#800020,5,47,28
707,2544,glp,#32CD32,6,42,33
708,2545,glp,#32CD32,6,50,25
709,2546,CVP,#FFA500,3,31,44
711,2549,SVP,#006400,0,26,49
712,2550,Grüne,#008000,4,48,27
713,2552,FDP,#4169E1,2,40,35
715,2555,FDP,#4169E1,2,36,39
718,2561,SP,#FF0000,1,47,28
719,2562,SP,#FF0000,1,41,34
720,2563,SP,#FF0000,1,49,26
721,2564,SP,#FF0000,1,44,31
722,2565,SP,#FF0000,1,49,26
723,2566,SP,#FF0000,1,46,29
724,2567,SP,#FF0000,1,51,24
725,2568,SP,#FF0000,1,45,30
727,2570,FDP,#4169E1,2,34,41
728,2571,Grüne,#008000,4,41,34
729,2573,Grüne,#008000,4,45,30
730,2574,FDP,#4169E1,2,38,37
731,2575,FDP,#4169E1,2,32,43
732,2576,FDP,#4169E1,2,41,34
733,2577,FDP,#4169E1,2,42,33
735,2579,glp,#32CD32,6,45,30
737,2581,SVP,#006400,0,37,38
738,2582,glp,#32CD32,6,50,25
739,2583,FDP,#4169E1,2,33,42
740,2584,SP,#FF0000,1,49,26
741,2585,CVP,#FFA500,3,37,38
742,2587,SVP,#006400,0,27,48
743,2588,SVP,#006400,0,35,40
744,2591,FDP,#4169E1,2,35,40
746,2597,glp,#32CD32,6,43,32
747,2598,glp,#32CD32,6,46,29
748,2599,BDP,#800020,5,38,37
749,2601,SVP,#006400,0,34,41
750,2604,SP,#FF0000,1,47,28
751,2606,glp,#32CD32,6,44,31
752,2609,glp,#32CD32,6,42,33
753,2610,FDP,#4169E1,2,38,37
754,2611,FDP,#4169E1,2,42,33
755,2612,CVP,#FFA500,3,47,28
756,2613,CVP,#FFA500,3,33,42
757,2614,CVP,#FFA500,3,31,44
758,2615,BDP,#800020,5,51,24
759,2616,SP,#FF0000,1,48,27
760,2617,SP,#FF0000,1,52,23
761,2618,SP,#FF0000,1,47,28
764,2625,FDP,#4169E1,2,44,31
765,2626,FDP,#4169E1,2,42,33
766,2627,FDP,#4169E1,2,39,36
768,2630,glp,#32CD32,6,46,29
769,2631,glp,#32CD32,6,36,39
770,2633,SVP,#006400,0,29,46
771,2634,FDP,#4169E1,2,35,40
772,2635,FDP,#4169E1,2,30,45
773,2636,FDP,#4169E1,2,29,46
774,2638,CVP,#FFA500,3,42,33
775,2639,CVP,#FFA500,3,44,31
776,2641,SVP,#006400,0,26,49
777,2652,glp,#32CD32,6,48,27
778,2653,glp,#32CD32,6,43,32
779,2654,glp,#32CD32,6,40,35
780,2655,glp,#32CD32,6,41,34
781,2656,SP,#FF0000,1,49,26
783,2669,BDP,#800020,5,43,32
784,2670,glp,#32CD32,6,49,26
785,2671,Grüne,#008000,4,45,30
787,2673,glp,#32CD32,6,42,33
788,2674,glp,#32CD32,6,49,26
789,2675,SVP,#006400,0,26,49
791,2677,Grüne,#008000,4,44,31
792,2679,Grüne,#008000,4,47,28
793,2680,SVP,#006400,0,32,43
794,2681,Grüne,#008000,4,43,32
795,2682,Grüne,#008000,4,44,31
796,2683,Grüne,#008000,4,45,30
797,2684,SVP,#006400,0,34,41
798,2685,SVP,#006400,0,26,49
801,2689,FDP,#4169E1,2,27,48
802,2690,FDP,#4169E1,2,22,53
803,2691,FDP,#4169E1,2,42,33
804,2692,FDP,#4169E1,2,26,49
805,2693,CVP,#FFA500,3,39,36
806,2694,CVP,#FFA500,3,37,38
807,2696,CVP,#FFA500,3,32,43
808,2697,CVP,#FFA500,3,35,40
809,2699,CVP,#FFA500,3,43,32
810,2700,BDP,#800020,5,45,30
811,2702,SP,#FF0000,1,47,28
813,2704,SP,#FF0000,1,46,29
814,2705,SP,#FF0000,1,50,25
815,2706,SP,#FF0000,1,51,24
816,2707,SP,#FF0000,1,48,27
818,2709,SP,#FF0000,1,44,31
820,2711,SVP,#006400,0,24,51
821,2714,SVP,#006400,0,27,48
822,2716,SVP,#006400,0,35,40
823,2717,FDP,#4169E1,2,33,42
824,2718,FDP,#4169E1,2,34,41
825,2719,SVP,#006400,0,27,48
826,2720,glp,#32CD32,6,50,25
827,2721,SVP,#006400,0,32,43
829,2723,CVP,#FFA500,3,37,38
830,2724,FDP,#4169E1,2,42,33
832,2726,CVP,#FFA500,3,53,22
833,2727,FDP,#4169E1,2,40,35
834,2729,SP,#FF0000,1,49,26
835,2738,CVP,#FFA500,3,41,34
836,2741,glp,#32CD32,6,49,26
837,2743,SVP,#006400,0,34,41
838,2747,SP,#FF0000,1,45,30
839,2750,SP,#FF0000,1,46,29
840,2754,Grüne,#008000,4,45,30
841,2755,Grüne,#008000,4,43,32
842,2757,BDP,#800020,5,40,35
843,2759,glp,#32CD32,6,40,35
844,2760,glp,#32CD32,6,41,34
845,2761,SVP,#006400,0,30,45
847,2765,Grüne,#008000,4,46,29
848,2766,glp,#32CD32,6,46,29
849,2768,glp,#32CD32,6,48,27
850,2769,glp,#32CD32,6,43,32
851,2770,glp,#32CD32,6,47,28
852,2771,BDP,#800020,5,45,30
853,2772,SVP,#006400,0,41,34
855,2775,SVP,#006400,0,29,46
856,2776,FDP,#4169E1,2,33,42
857,2777,FDP,#4169E1,2,36,39
858,2778,FDP,#4169E1,2,27,48
859,2780,CVP,#FFA500,3,41,34
860,2781,CVP,#FFA500,3,35,40
861,2784,FDP,#4169E1,2,42,33
862,2788,CVP,#FFA500,3,53,22
863,2789,CVP,#FFA500,3,47,28
866,2792,SP,#FF0000,1,44,31
867,2793,SP,#FF0000,1,43,32
868,2794,SP,#FF0000,1,53,22
869,2795,SVP,#006400,0,25,50
870,2796,SVP,#006400,0,38,37
871,2798,SVP,#006400,0,27,48
872,2799,FDP,#4169E1,2,36,39
873,2803,FDP,#4169E1,2,37,38
874,2804,FDP,#4169E1,2,39,36
875,2805,SVP,#006400,0,26,49
878,2808,glp,#32CD32,6,45,30
879,2809,SVP,#006400,0,31,44
880,2810,glp,#32CD32,6,43,32
881,2812,SP,#FF0000,1,52,23
882,2814,FDP,#4169E1,2,43,32
883,2816,CVP,#FFA500,3,34,41
884,2823,FDP,#4169E1,2,28,47
885,2825,FDP,#4169E1,2,41,34
886,2827,FDP,#4169E1,2,32,43
888,2831,SP,#FF0000,1,45,30
889,2834,CVP,#FFA500,3,40,35
890,2842,Grüne,#008000,4,47,28
891,2846,glp,#32CD32,6,42,33
892,2847,Grüne,#008000,4,53,22
893,2848,SVP,#006400,0,33,42
894,2849,BDP,#800020,5,43,32
896,2851,SVP,#006400,0,41,34
897,2852,SVP,#006400,0,28,47
898,2853,SVP,#006400,0,38,37
899,2854,glp,#32CD32,6,43,32
901,2856,Grüne,#008000,4,39,36
903,2858,Grüne,#008000,4,48,27
904,2859,FDP,#4169E1,2,33,42
905,2860,FDP,#4169E1,2,28,47
906,2861,CVP,#FFA500,3,40,35
907,2862,CVP,#FFA500,3,38,37
908,2863,CVP,#FFA500,3,35,40
909,2864,CVP,#FFA500,3,36,39
911,2870,CVP,#FFA500,3,38,37
913,2872,SP,#FF0000,1,50,25
914,2873,SP,#FF0000,1,49,26
915,2874,SP,#FF0000,1,55,20
916,2875,SP,#FF0000,1,45,30
917,2876,SP,#FF0000,1,46,29
918,2877,SP,#FF0000,1,52,23
919,2878,SP,#FF0000,1,45,30
920,2879,Grüne,#008000,4,48,27
921,2880,SVP,#006400,0,30,45
922,2884,FDP,#4169E1,2,34,41
923,2885,FDP,#4169E1,2,32,43
924,2886,glp,#32CD32,6,42,33
925,2887,glp,#32CD32,6,40,35
926,2888,glp,#32CD32,6,43,32
927,2891,FDP,#4169E1,2,29,46
928,2892,FDP,#4169E1,2,42,33
929,2893,CVP,#FFA500,3,39,36
930,2896,FDP,#4169E1,2,32,43
931,2898,FDP,#4169E1,2,40,35
932,2899,FDP,#4169E1,2,47,28
933,2904,CVP,#FFA500,3,38,37
934,2905,CVP,#FFA500,3,38,37
935,2908,glp,#32CD32,6,46,29
936,2909,glp,#32CD32,6,49,26
937,2910,glp,#32CD32,6,51,24
938,2911,glp,#32CD32,6,43,32
939,2912,glp,#32CD32,6,48,27
940,2913,glp,#32CD32,6,47,28
941,2916,SVP,#006400,0,46,29
942,2918,SP,#FF0000,1,49,26
943,2920,CVP,#FFA500,3,37,38
945,2922,CVP,#FFA500,3,35,40
946,2929,glp,#32CD32,6,40,35
947,2930,Grüne,#008000,4,44,31
948,2932,glp,#32CD32,6,49,26
949,2933,glp,#32CD32,6,41,34
950,2934,BDP,#800020,5,40,35
951,2936,BDP,#800020,5,46,29
952,2937,BDP,#800020,5,33,42
953,2939,Grüne,#008000,4,48,27
954,2940,Grüne,#008000,4,48,27
955,2941,CVP,#FFA500,3,34,41
956,2942,CVP,#FFA500,3,33,42
957,2943,CVP,#FFA500,3,35,40
959,2946,FDP,#4169E1,2,41,34
960,2947,FDP,#4169E1,2,37,38
961,2948,CVP,#FFA500,3,28,47
962,2949,CVP,#FFA500,3,54,21
963,2951,CVP,#FFA500,3,30,45
964,2953,CVP,#FFA500,3,33,42
965,2954,BDP,#800020,5,42,33
966,2955,SP,#FF0000,1,56,19
967,2956,SP,#FF0000,1,51,24
968,2957,BDP,#800020,5,46,29
970,2959,SP,#FF0000,1,45,30
971,2960,SVP,#006400,0,39,36
972,2962,FDP,#4169E1,2,31,44
973,2964,SVP,#006400,0,25,50
974,2965,SVP,#006400,0,34,41
975,2966,glp,#32CD32,6,45,30
976,2967,SVP,#006400,0,28,47
978,2969,SVP,#006400,0,30,45
979,2970,SVP,#006400,0,35,40
981,2972,CVP,#FFA500,3,31,44
983,2974,CVP,#FFA500,3,43,32
984,2975,FDP,#4169E1,2,33,42
985,2976,CVP,#FFA500,3,51,24
986,2977,FDP,#4169E1,2,39,36
987,2978,CVP,#FFA500,3,26,49
988,2979,CVP,#FFA500,3,47,28
989,2980,CVP,#FFA500,3,31,44
990,2981,SVP,#006400,0,43,32
991,2982,FDP,#4169E1,2,40,35
992,2992,glp,#32CD32,6,48,27
993,2993,glp,#32CD32,6,47,28
994,2994,glp,#32CD32,6,43,32
996,2996,Grüne,#008000,4,52,23
997,2999,SVP,#006400,0,50,25
998,3001,SP,#FF0000,1,49,26
999,3003,CVP,#FFA500,3,31,44
1000,3008,glp,#32CD32,6,44,31
1001,3009,Grüne,#008000,4,42,33
1002,3011,BDP,#800020,5,46,29
1003,3012,glp,#32CD32,6,46,29
1004,3014,SVP,#006400,0,32,43
1006,3016,BDP,#800020,5,42,33
1007,3017,glp,#32CD32,6,45,30
1008,3018,glp,#32CD32,6,39,36
1009,3019,Grüne,#008000,4,43,32
1010,3020,FDP,#4169E1,2,30,45
1011,3021,FDP,#4169E1,2,28,47
1012,3023,FDP,#4169E1,2,30,45
1013,3024,CVP,#FFA500,3,34,41
1014,3025,CVP,#FFA500,3,31,44
1016,3027,CVP,#FFA500,3,35,40
1017,3028,CVP,#FFA500,3,30,45
1019,3031,CVP,#FFA500,3,42,33
1020,3032,FDP,#4169E1,2,35,40
1021,3033,CVP,#FFA500,3,38,37
1022,3034,CVP,#FFA500,3,44,31
1023,3036,SP,#FF0000,1,49,26
1024,3037,SP,#FF0000,1,52,23
1025,3038,SP,#FF0000,1,48,27
1026,3039,SP,#FF0000,1,50,25
1027,3040,SP,#FF0000,1,47,28
1028,3041,Grüne,#008000,4,45,30
1029,3044,SVP,#006400,0,30,45
1030,3045,FDP,#4169E1,2,28,47
1031,3046,FDP,#4169E1,2,30,45
1033,3048,SVP,#006400,0,27,48
1034,3049,SVP,#006400,0,41,34
1035,3050,glp,#32CD32,6,41,34
1036,3051,SVP,#006400,0,34,41
1037,3052,glp,#32CD32,6,40,35
1038,3054,SVP,#006400,0,32,43
1039,3055,FDP,#4169E1,2,44,31
1040,3058,CVP,#FFA500,3,43,32
1041,3059,SVP,#006400,0,33,42
1042,3060,FDP,#4169E1,2,19,56
1043,3062,SP,#FF0000,1,47,28
1044,3067,SVP,#006400,0,22,53
1045,3068,CVP,#FFA500,3,41,34
1046,3069,CVP,#FFA500,3,44,31
1047,3070,CVP,#FFA500,3,42,33
1048,3071,FDP,#4169E1,2,38,37
1049,3072,glp,#32CD32,6,49,26
1050,3073,glp,#32CD32,6,51,24
1051,3079,BDP,#800020,5,51,24
1052,3080,BDP,#800020,5,42,33
1053,3084,glp,#32CD32,6,49,26
1054,3085,CVP,#FFA500,3,27,48
1055,3089,CVP,#FFA500,3,64,11
1056,3098,Grüne,#008000,4,43,32
1058,3101,BDP,#800020,5,38,37
1059,3102,glp,#32CD32,6,44,31
1060,3103,glp,#32CD32,6,55,20
1061,3104,glp,#32CD32,6,46,29
1063,3106,Grüne,#008000,4,48,27
1066,3109,BDP,#800020,5,37,38
1067,3110,BDP,#800020,5,47,28
1069,3112,SVP,#006400,0,34,41
1070,3114,Grüne,#008000,4,43,32
1072,3116,Grüne,#008000,4,48,27
1073,3117,FDP,#4169E1,2,42,33
1075,3121,CVP,#FFA500,3,44,31
1076,3122,CVP,#FFA500,3,40,35
1077,3123,CVP,#FFA500,3,35,40
1078,3124,FDP,#4169E1,2,38,37
1079,3125,glp,#32CD32,6,42,33
1080,3126,SP,#FF0000,1,47,28
1081,3127,SP,#FF0000,1,46,29
1082,3128,SP,#FF0000,1,49,26
1084,3130,SP,#FF0000,1,44,31
1085,3131,Grüne,#008000,4,45,30
1086,3135,FDP,#4169E1,2,39,36
1087,3136,FDP,#4169E1,2,45,30
1088,3137,SVP,#006400,0,33,42
1090,3139,BDP,#800020,5,45,30
1091,3140,glp,#32CD32,6,42,33
1092,3141,glp,#32CD32,6,43,32
1093,3142,glp,#32CD32,6,42,33
1094,3143,SVP,#006400,0,35,40
1095,3144,SVP,#006400,0,20,55
1096,3145,glp,#32CD32,6,44,31
1098,3147,SVP,#006400,0,31,44
1099,3148,SVP,#006400,0,34,41
1100,3149,FDP,#4169E1,2,31,44
1101,3150,FDP,#4169E1,2,36,39
1102,3151,CVP,#FFA500,3,40,35
1103,3152,CVP,#FFA500,3,36,39
1104,3153,FDP,#4169E1,2,41,34
1105,3155,FDP,#4169E1,2,35,40
1106,3156,SVP,#006400,0,26,49
1107,3162,Grüne,#008000,4,43,32
1108,3164,FDP,#4169E1,2,34,41
1109,3165,CVP,#FFA500,3,46,29
1110,3166,CVP,#FFA500,3,50,25
1111,3167,glp,#32CD32,6,46,29
1113,3169,glp,#32CD32,6,58,17
1114,3170,glp,#32CD32,6,44,31
1115,3171,glp,#32CD32,6,44,31
1116,3173,SP,#FF0000,1,47,28
1117,3174,BDP,#800020,5,32,43
1118,3177,Grüne,#008000,4,45,30
1119,3179,Grüne,#008000,4,41,34
1120,3180,SVP,#006400,0,32,43
1121,3183,glp,#32CD32,6,44,31
1122,3184,CVP,#FFA500,3,38,37
1123,3185,CVP,#FFA500,3,39,36
1124,3186,CVP,#FFA500,3,38,37
1125,3187,CVP,#FFA500,3,43,32
1126,3195,Grüne,#008000,4,42,33
1127,3198,Grüne,#008000,4,49,26
1128,3199,Grüne,#008000,4,42,33
1129,3201,BDP,#800020,5,47,28
1130,3204,Grüne,#008000,4,49,26
1131,3206,Grüne,#008000,4,47,28
1133,3209,Grüne,#008000,4,44,31
1135,3211,CVP,#FFA500,3,25,50
1136,3212,SVP,#006400,0,24,51
1137,3213,FDP,#4169E1,2,25,50
1140,3217,FDP,#4169E1,2,33,42
1141,3218,FDP,#4169E1,2,30,45
1142,3219,CVP,#FFA500,3,50,25
1143,3220,CVP,#FFA500,3,41,34
1145,3222,CVP,#FFA500,3,35,40
1146,3223,CVP,#FFA500,3,45,30
1147,3224,CVP,#FFA500,3,48,27
1148,3226,SP,#FF0000,1,48,27
1149,3227,SP,#FF0000,1,51,24
1150,3228,SP,#FF0000,1,47,28
1151,3229,SP,#FF0000,1,49,26
1152,3230,SP,#FF0000,1,44,31
1153,3231,SP,#FF0000,1,47,28
1154,3232,SP,#FF0000,1,47,28
1155,3233,SP,#FF0000,1,44,31
1156,3234,SP,#FF0000,1,47,28
1157,3235,SP,#FF0000,1,45,30
1158,3237,SP,#FF0000,1,46,29
1159,3238,SP,#FF0000,1,49,26
1160,3239,SP,#FF0000,1,45,30
1161,3240,Grüne,#008000,4,41,34
1162,3242,SVP,#006400,0,27,48
1163,3243,SVP,#006400,0,28,47
1165,3246,FDP,#4169E1,2,37,38
1166,3247,SVP,#006400,0,47,28
1168,3251,glp,#32CD32,6,40,35
1169,3252,glp,#32CD32,6,40,35
1170,3253,glp,#32CD32,6,40,35
1171,3254,CVP,#FFA500,3,41,34
1174,3258,SP,#FF0000,1,48,27
1175,3259,SVP,#006400,0,33,42
1177,3261,CVP,#FFA500,3,27,48
1178,3262,CVP,#FFA500,3,38,37
1179,3264,glp,#32CD32,6,49,26
1180,3265,SVP,#006400,0,39,36
1181,3266,SVP,#006400,0,41,34
1182,3273,CVP,#FFA500,3,35,40
1183,3275,FDP,#4169E1,2,33,42
1184,3276,glp,#32CD32,6,44,31
1185,3279,BDP,#800020,5,51,24
1187,3284,CVP,#FFA500,3,49,26
1188,3287,CVP,#FFA500,3,40,35
1190,3295,BDP,#800020,5,48,27
1191,3296,BDP,#800020,5,43,32
1192,3300,Grüne,#008000,4,46,29
1193,3301,Grüne,#008000,4,47,28
1194,3306,SVP,#006400,0,28,47
1195,3307,SVP,#006400,0,20,55
1197,3309,Grüne,#008000,4,45,30
1198,3310,FDP,#4169E1,2,38,37
1199,3311,FDP,#4169E1,2,39,36
1200,3314,CVP,#FFA500,3,28,47
1201,3315,CVP,#FFA500,3,46,29
1202,3316,CVP,#FFA500,3,34,41
1203,3317,CVP,#FFA500,3,46,29
1204,3318,CVP,#FFA500,3,48,27
1205,3319,CVP,#FFA500,3,46,29
1206,3320,CVP,#FFA500,3,30,45
1207,3321,CVP,#FFA500,3,36,39
1208,3322,CVP,#FFA500,3,41,34
1209,3323,CVP,#FFA500,3,43,32
1210,3324,CVP,#FFA500,3,34,41
1212,3328,SP,#FF0000,1,47,28
1213,3329,BDP,#800020,5,46,29
1214,3330,SP,#FF0000,1,45,30
1215,3331,SP,#FF0000,1,45,30
1216,3332,SP,#FF0000,1,48,27
1217,3333,SP,#FF0000,1,45,30
1219,3335,SVP,#006400,0,28,47
1220,3336,SVP,#006400,0,28,47
1221,3338,FDP,#4169E1,2,41,34
1222,3339,FDP,#4169E1,2,35,40
1223,3340,FDP,#4169E1,2,37,38
1224,3341,SVP,#006400,0,26,49
1225,3343,SVP,#006400,0,32,43
1226,3345,SP,#FF0000,1,49,26
1227,3346,FDP,#4169E1,2,36,39
1228,3347,FDP,#4169E1,2,30,45
1229,3348,FDP,#4169E1,2,32,43
1230,3349,CVP,#FFA500,3,38,37
1231,3350,CVP,#FFA500,3,35,40
1232,3351,SP,#FF0000,1,45,30
1233,3352,SVP,#006400,0,35,40
1235,3359,SVP,#006400,0,37,38
1236,3360,CVP,#FFA500,3,39,36
1237,3362,FDP,#4169E1,2,37,38
1238,3363,glp,#32CD32,6,53,22
1239,3364,SP,#FF0000,1,46,29
1240,3365,Grüne,#008000,4,48,27
1241,3366,BDP,#800020,5,50,25
1242,3374,CVP,#FFA500,3,32,43
1243,3380,Grüne,#008000,4,42,33
1244,3381,Grüne,#008000,4,49,26
1245,3382,BDP,#800020,5,39,36
1246,3383,glp,#32CD32,6,42,33
1248,3385,glp,#32CD32,6,49,26
1249,3386,glp,#32CD32,6,44,31
1250,3387,Grüne,#008000,4,41,34
1251,3388,Grüne,#008000,4,44,31
1252,3389,SVP,#006400,0,38,37
1253,3392,Grüne,#008000,4,43,32
1254,3395,Grüne,#008000,4,40,35
1255,3396,glp,#32CD32,6,39,36
1257,3398,BDP,#800020,5,42,33
1258,3399,glp,#32CD32,6,47,28
1260,3401,glp,#32CD32,6,49,26
1261,3402,glp,#32CD32,6,48,27
1262,3404,Grüne,#008000,4,38,37
1263,3405,CVP,#FFA500,3,37,38
1264,3406,FDP,#4169E1,2,30,45
1265,3408,CVP,#FFA500,3,40,35
1266,3409,CVP,#FFA500,3,37,38
1267,3410,CVP,#FFA500,3,33,42
1268,3411,CVP,#FFA500,3,48,27
1269,3412,CVP,#FFA500,3,34,41
1270,3413,CVP,#FFA500,3,23,52
1271,3418,SP,#FF0000,1,46,29
1272,3419,SP,#FF0000,1,49,26
1273,3420,SP,#FF0000,1,47,28
1274,3421,SP,#FF0000,1,44,31
1275,3426,FDP,#4169E1,2,39,36
1276,3427,FDP,#4169E1,2,38,37
1277,3428,SVP,#006400,0,45,30
1278,3429,glp,#32CD32,6,39,36
1279,3432,SVP,#006400,0,31,44
1280,3433,SVP,#006400,0,39,36
1281,3434,glp,#32CD32,6,45,30
1282,3435,CVP,#FFA500,3,53,22
1284,3438,FDP,#4169E1,2,33,42
1285,3439,FDP,#4169E1,2,27,48
1286,3440,FDP,#4169E1,2,33,42
1288,3442,CVP,#FFA500,3,45,30
1289,3443,FDP,#4169E1,2,38,37
1290,3445,CVP,#FFA500,3,46,29
1291,3447,SVP,#006400,0,42,33
1292,3448,SVP,#006400,0,35,40
1294,3460,SVP,#006400,0,47,28
1295,3464,glp,#32CD32,6,52,23
1296,3465,glp,#32CD32,6,50,25
1297,3466,glp,#32CD32,6,43,32
1300,3471,Grüne,#008000,4,50,25
1301,3472,BDP,#800020,5,56,19
1302,3478,SP,#FF0000,1,44,31
1303,3479,Grüne,#008000,4,43,32
1304,3480,SP,#FF0000,1,45,30
1305,3486,Grüne,#008000,4,46,29
1306,3487,Grüne,#008000,4,41,34
1307,3491,glp,#32CD32,6,48,27
1308,3493,Grüne,#008000,4,43,32
1309,3494,glp,#32CD32,6,46,29
1310,3495,Grüne,#008000,4,42,33
1312,3499,glp,#32CD32,6,43,32
1313,3500,CVP,#FFA500,3,40,35
1314,3501,CVP,#FFA500,3,31,44
1315,3502,CVP,#FFA500,3,30,45
1316,3503,Grüne,#008000,4,44,31
1317,3504,FDP,#4169E1,2,21,54
1318,3506,Grüne,#008000,4,42,33
1319,3507,CVP,#FFA500,3,29,46
1320,3508,CVP,#FFA500,3,40,35
1321,3509,CVP,#FFA500,3,31,44
1322,3510,CVP,#FFA500,3,37,38
1323,3511,CVP,#FFA500,3,34,41
1324,3514,SP,#FF0000,1,47,28
1325,3515,SP,#FF0000,1,50,25
1326,3516,SP,#FF0000,1,47,28
1327,3517,SP,#FF0000,1,44,31
1328,3518,SP,#FF0000,1,45,30
1330,3522,FDP,#4169E1,2,31,44
1331,3523,FDP,#4169E1,2,45,30
1332,3525,FDP,#4169E1,2,32,43
1333,3526,SVP,#006400,0,39,36
1334,3527,glp,#32CD32,6,44,31
1335,3528,glp,#32CD32,6,39,36
1337,3530,glp,#32CD32,6,50,25
1338,3531,glp,#32CD32,6,30,45
1339,3532,glp,#32CD32,6,51,24
1340,3533,CVP,#FFA500,3,31,44
1341,3534,CVP,#FFA500,3,29,46
1342,3535,CVP,#FFA500,3,38,37
1343,3536,CVP,#FFA500,3,48,27
1344,3537,CVP,#FFA500,3,54,21
1345,3539,SP,#FF0000,1,49,26
1346,3540,SVP,#006400,0,23,52
1347,3542,CVP,#FFA500,3,51,24
1348,3543,CVP,#FFA500,3,28,47
1349,3555,SVP,#006400,0,40,35
1350,3559,glp,#32CD32,6,41,34
1351,3560,BDP,#800020,5,44,31
1352,3564,CVP,#FFA500,3,34,41
1353,3565,CVP,#FFA500,3,39,36
1354,3566,CVP,#FFA500,3,36,39
1355,3567,CVP,#FFA500,3,33,42
1356,3570,BDP,#800020,5,48,27
1357,3576,Grüne,#008000,4,46,29
1358,3577,Grüne,#008000,4,46,29
1359,3578,Grüne,#008000,4,39,36
1360,3579,Grüne,#008000,4,40,35
1361,3580,Grüne,#008000,4,47,28
1362,3581,BDP,#800020,5,32,43
1363,3584,glp,#32CD32,6,51,24
1367,3591,BDP,#800020,5,42,33
1368,3592,BDP,#800020,5,41,34
1369,3593,Grüne,#008000,4,44,31
1370,3594,BDP,#800020,5,38,37
1372,3596,Grüne,#008000,4,48,27
1373,3597,glp,#32CD32,6,42,33
1374,3598,CVP,#FFA500,3,39,36
1375,3599,CVP,#FFA500,3,30,45
1377,3603,FDP,#4169E1,2,34,41
1379,3605,CVP,#FFA500,3,33,42
1380,3606,CVP,#FFA500,3,31,44
1381,3607,CVP,#FFA500,3,52,23
1382,3608,CVP,#FFA500,3,34,41
1384,3611,SP,#FF0000,1,49,26
1386,3613,SP,#FF0000,1,44,31
1387,3614,SP,#FF0000,1,46,29
1388,3615,SP,#FF0000,1,51,24
1389,3616,FDP,#4169E1,2,35,40
1391,3621,FDP,#4169E1,2,36,39
1393,3623,SVP,#006400,0,42,33
1394,3624,FDP,#4169E1,2,40,35
1396,3626,FDP,#4169E1,2,32,43
1397,3627,glp,#32CD32,6,43,32
1401,3632,SVP,#006400,0,32,43
1402,3633,FDP,#4169E1,2,31,44
1403,3634,FDP,#4169E1,2,46,29
1405,3636,FDP,#4169E1,2,28,47
1406,3637,CVP,#FFA500,3,42,33
1407,3638,CVP,#FFA500,3,34,41
1408,3639,CVP,#FFA500,3,31,44
1410,3650,glp,#32CD32,6,40,35
1414,3655,SP,#FF0000,1,53,22
1415,3658,SVP,#006400,0,32,43
1418,3669,BDP,#800020,5,46,29
1419,3672,glp,#32CD32,6,53,22
1420,3673,Grüne,#008000,4,42,33
1421,3674,glp,#32CD32,6,48,27
1423,3676,SVP,#006400,0,34,41
1424,3677,glp,#32CD32,6,48,27
1426,3679,Grüne,#008000,4,41,34
1427,3681,CVP,#FFA500,3,30,45
1429,3683,CVP,#FFA500,3,33,42
1430,3684,SVP,#006400,0,31,44
1431,3685,SVP,#006400,0,24,51
1432,3686,SVP,#006400,0,25,50
1433,3687,FDP,#4169E1,2,36,39
1434,3688,FDP,#4169E1,2,27,48
1435,3689,FDP,#4169E1,2,28,47
1437,3694,CVP,#FFA500,3,45,30
1438,3695,CVP,#FFA500,3,39,36
1439,3696,CVP,#FFA500,3,39,36
1441,3698,CVP,#FFA500,3,30,45
1442,3700,CVP,#FFA500,3,41,34
1444,3702,CVP,#FFA500,3,32,43
1445,3703,CVP,#FFA500,3,42,33
1446,3704,CVP,#FFA500,3,35,40
1447,3705,FDP,#4169E1,2,34,41
1448,3706,BDP,#800020,5,45,30
1449,3707,BDP,#800020,5,43,32
1450,3708,SP,#FF0000,1,46,29
1451,3709,SP,#FF0000,1,46,29
1452,3710,SP,#FF0000,1,49,26
1453,3711,SP,#FF0000,1,48,27
1455,3713,SVP,#006400,0,31,44
1456,3714,FDP,#4169E1,2,38,37
1457,3715,FDP,#4169E1,2,28,47
1458,3717,FDP,#4169E1,2,25,50
1459,3719,glp,#32CD32,6,46,29
1460,3720,SVP,#006400,0,24,51
1461,3721,CVP,#FFA500,3,37,38
1463,3725,CVP,#FFA500,3,33,42
1464,3726,CVP,#FFA500,3,36,39
1465,3727,CVP,#FFA500,3,48,27
1466,3728,CVP,#FFA500,3,33,42
1468,3730,FDP,#4169E1,2,46,29
1469,3731,SP,#FF0000,1,43,32
1470,3732,SVP,#006400,0,46,29
1471,3733,SVP,#006400,0,30,45
1472,3746,Grüne,#008000,4,43,32
1473,3749,Grüne,#008000,4,41,34
1474,3750,Grüne,#008000,4,50,25
1476,3752,CVP,#FFA500,3,38,37
1477,3756,Grüne,#008000,4,43,32
1479,3758,Grüne,#008000,4,39,36
1480,3760,BDP,#800020,5,41,34
1481,3761,BDP,#800020,5,48,27
1482,3762,glp,#32CD32,6,48,27
1483,3763,SVP,#006400,0,28,47
1484,3764,BDP,#800020,5,48,27
1486,3768,Grüne,#008000,4,39,36
1487,3769,BDP,#800020,5,44,31
1488,3770,BDP,#800020,5,49,26
1489,3771,CVP,#FFA500,3,29,46
1490,3772,Grüne,#008000,4,45,30
1491,3773,FDP,#4169E1,2,40,35
1492,3774,FDP,#4169E1,2,32,43
1494,3777,FDP,#4169E1,2,33,42
1495,3778,CVP,#FFA500,3,43,32
1496,3779,CVP,#FFA500,3,37,38
1498,3781,CVP,#FFA500,3,41,34
1499,3782,CVP,#FFA500,3,30,45
1500,3783,CVP,#FFA500,3,44,31
1501,3784,SP,#FF0000,1,46,29
1502,3785,SP,#FF0000,1,28,47
1503,3786,SP,#FF0000,1,47,28
1504,3787,SP,#FF0000,1,45,30
1505,3788,SP,#FF0000,1,44,31
1506,3789,SP,#FF0000,1,47,28
1507,3790,SP,#FF0000,1,42,33
1508,3791,SP,#FF0000,1,48,27
1509,3792,Grüne,#008000,4,44,31
1511,3796,FDP,#4169E1,2,43,32
1512,3797,Grüne,#008000,4,46,29
1514,3799,glp,#32CD32,6,37,38
1515,3801,CVP,#FFA500,3,25,50
1516,3802,CVP,#FFA500,3,35,40
1517,3804,SP,#FF0000,1,47,28
1518,3805,CVP,#FFA500,3,33,42
1520,3809,glp,#32CD32,6,43,32
1521,3810,FDP,#4169E1,2,31,44
1522,3814,SVP,#006400,0,35,40
1523,3816,SVP,#006400,0,34,41
1526,3824,FDP,#4169E1,2,24,51
1527,3826,glp,#32CD32,6,37,38
1528,3834,FDP,#4169E1,2,37,38
1529,3837,CVP,#FFA500,3,43,32
1530,3838,CVP,#FFA500,3,52,23
1531,3840,SVP,#006400,0,34,41
1532,3847,Grüne,#008000,4,41,34
1533,3849,BDP,#800020,5,35,40
1534,3850,BDP,#800020,5,32,43
1535,3851,glp,#32CD32,6,45,30
1536,3852,Grüne,#008000,4,47,28
1538,3854,glp,#32CD32,6,44,31
1540,3857,glp,#32CD32,6,54,21
1541,3858,CVP,#FFA500,3,42,33
1543,3860,SVP,#006400,0,30,45
1544,3861,FDP,#4169E1,2,28,47
1545,3862,FDP,#4169E1,2,32,43
1546,3863,FDP,#4169E1,2,25,50
1548,3865,CVP,#FFA500,3,34,41
1549,3866,CVP,#FFA500,3,38,37
1550,3867,CVP,#FFA500,3,31,44
1551,3870,CVP,#FFA500,3,35,40
1552,3871,CVP,#FFA500,3,46,29
1553,3872,SP,#FF0000,1,49,26
1555,3874,SP,#FF0000,1,44,31
1557,3876,SP,#FF0000,1,50,25
1558,3877,Grüne,#008000,4,48,27
1559,3878,SVP,#006400,0,27,48
1560,3882,SVP,#006400,0,38,37
1561,3884,glp,#32CD32,6,43,32
1562,3886,SVP,#006400,0,32,43
1563,3887,CVP,#FFA500,3,26,49
1564,3889,CVP,#FFA500,3,38,37
1566,3891,SP,#FF0000,1,45,30
1567,3894,CVP,#FFA500,3,45,30
1569,3896,CVP,#FFA500,3,32,43
1571,3898,FDP,#4169E1,2,32,43
1572,3899,SVP,#006400,0,28,47
1573,3905,SVP,#006400,0,37,38
1574,3906,SVP,#006400,0,30,45
1575,3907,SVP,#006400,0,44,31
1576,3908,SVP,#006400,0,33,42
1577,3917,FDP,#4169E1,2,29,46
1578,3920,glp,#32CD32,6,46,29
1579,3923,Grüne,#008000,4,47,28
1580,3924,SVP,#006400,0,42,33
1582,3926,BDP,#800020,5,51,24
1583,3928,Grüne,#008000,4,52,23
1584,3929,FDP,#4169E1,2,35,40
1585,3930,Grüne,#008000,4,42,33
1586,3932,BDP,#800020,5,47,28
1587,3933,BDP,#800020,5,45,30
1588,3934,BDP,#800020,5,35,40
1589,3935,BDP,#800020,5,36,39
1591,3937,Grüne,#008000,4,43,32
1592,3940,glp,#32CD32,6,49,26
1595,3944,Grüne,#008000,4,38,37
1596,3945,FDP,#4169E1,2,42,33
1598,3947,FDP,#4169E1,2,39,36
1599,3949,Grüne,#008000,4,42,33
1600,3950,CVP,#FFA500,3,37,38
1602,3952,CVP,#FFA500,3,37,38
1603,3953,CVP,#FFA500,3,30,45
1604,3954,CVP,#FFA500,3,49,26
1605,3956,CVP,#FFA500,3,35,40
1606,3957,SP,#FF0000,1,42,33
1607,3958,SP,#FF0000,1,43,32
1608,3959,SP,#FF0000,1,48,27
1610,3962,SVP,#006400,0,29,46
1611,3967,SVP,#006400,0,33,42
1612,3968,glp,#32CD32,6,36,39
1613,3969,glp,#32CD32,6,48,27
1614,3970,glp,#32CD32,6,54,21
1615,3971,glp,#32CD32,6,41,34
1616,3972,CVP,#FFA500,3,42,33
1617,3973,CVP,#FFA500,3,30,45
1618,3974,Grüne,#008000,4,41,34
1619,3975,SP,#FF0000,1,46,29
1620,3976,FDP,#4169E1,2,35,40
1621,3978,SP,#FF0000,1,46,29
1622,3980,SP,#FF0000,1,43,32
1623,3981,SP,#FF0000,1,45,30
1624,3986,SVP,#006400,0,32,43
1625,3992,SVP,#006400,0,24,51
1626,3994,glp,#32CD32,6,43,32
1627,3995,glp,#32CD32,6,43,32
1628,3998,SP,#FF0000,1,45,30
1629,4001,Grüne,#008000,4,51,24
1630,4003,BDP,#800020,5,54,21
1631,4004,BDP,#800020,5,43,32
1633,4009,SP,#FF0000,1,51,24
1634,4010,SP,#FF0000,1,44,31
1635,4011,CVP,#FFA500,3,36,39
1636,4013,BDP,#800020,5,43,32
1637,4014,Grüne,#008000,4,45,30
1638,4015,SVP,#006400,0,34,41
1639,4017,Grüne,#008000,4,47,28
1640,4018,Grüne,#008000,4,44,31
1641,4019,glp,#32CD32,6,48,27
1642,4020,glp,#32CD32,6,47,28
1644,4022,BDP,#800020,5,53,22
1645,4023,BDP,#800020,5,50,25
1647,4027,Grüne,#008000,4,47,28
1648,4028,CVP,#FFA500,3,29,46
1650,4030,CVP,#FFA500,3,44,31
1651,4031,FDP,#4169E1,2,40,35
1652,4033,CVP,#FFA500,3,45,30
1653,4034,BDP,#800020,5,43,32
1654,4035,SP,#FF0000,1,48,27
1655,4036,SP,#FF0000,1,47,28
1656,4037,SP,#FF0000,1,49,26
1659,4040,SP,#FF0000,1,49,26
1661,4044,SVP,#006400,0,27,48
1662,4045,glp,#32CD32,6,53,22
1664,4049,SVP,#006400,0,27,48
1665,4050,CVP,#FFA500,3,24,51
1666,4051,CVP,#FFA500,3,27,48
1667,4053,SVP,#006400,0,34,41
1670,4056,SP,#FF0000,1,48,27
1672,4059,CVP,#FFA500,3,35,40
1673,4061,FDP,#4169E1,2,24,51
1674,4066,SP,#FF0000,1,45,30
1675,4067,SVP,#006400,0,31,44
1676,4068,FDP,#4169E1,2,47,28
1677,4069,FDP,#4169E1,2,39,36
1678,4070,glp,#32CD32,6,42,33
1679,4071,FDP,#4169E1,2,34,41
1680,4075,Grüne,#008000,4,50,25
1681,4076,FDP,#4169E1,2,33,42
1682,4079,SP,#FF0000,1,43,32
1683,4080,SP,#FF0000,1,52,23
1685,4087,Grüne,#008000,4,44,31
1686,4091,glp,#32CD32,6,47,28
1687,4093,Grüne,#008000,4,39,36
1688,4094,SVP,#006400,0,50,25
1689,4096,Grüne,#008000,4,42,33
1691,4099,CVP,#FFA500,3,30,45
1692,4101,CVP,#FFA500,3,34,41
1693,4103,BDP,#800020,5,42,33
1694,4105,SP,#FF0000,1,45,30
1695,4106,SP,#FF0000,1,44,31
1696,4107,SP,#FF0000,1,43,32
1697,4108,SP,#FF0000,1,50,25
1699,4116,SVP,#006400,0,26,49
1700,4117,SVP,#006400,0,46,29
1701,4118,SVP,#006400,0,41,34
1702,4119,glp,#32CD32,6,50,25
1703,4120,CVP,#FFA500,3,36,39
1704,4121,CVP,#FFA500,3,27,48
1705,4122,SP,#FF0000,1,44,31
1706,4123,SVP,#006400,0,29,46
1707,4124,FDP,#4169E1,2,31,44
1708,4125,FDP,#4169E1,2,33,42
1710,4130,SP,#FF0000,1,45,30
1712,4137,SVP,#006400,0,29,46
1713,4142,glp,#32CD32,6,47,28
1714,4145,BDP,#800020,5,41,34
1716,4147,BDP,#800020,5,47,28
1717,4148,SVP,#006400,0,30,45
1718,4151,Grüne,#008000,4,54,21
1719,4152,SVP,#006400,0,35,40
1720,4153,SVP,#006400,0,32,43
1721,4162,glp,#32CD32,6,42,33
1723,4165,Grüne,#008000,4,44,31
1724,4167,FDP,#4169E1,2,34,41
1726,4169,CVP,#FFA500,3,35,40
1728,4172,BDP,#800020,5,33,42
1729,4173,SP,#FF0000,1,43,32
1730,4174,SP,#FF0000,1,45,30
1731,4177,FDP,#4169E1,2,42,33
1732,4178,glp,#32CD32,6,51,24
1733,4179,SVP,#006400,0,31,44
1734,4180,glp,#32CD32,6,46,29
1735,4181,glp,#32CD32,6,50,25
1736,4182,SP,#FF0000,1,49,26
1737,4183,CVP,#FFA500,3,46,29
1738,4186,CVP,#FFA500,3,47,28
1739,4189,SVP,#006400,0,38,37
1740,4195,SP,#FF0000,1,47,28
1741,4199,SVP,#006400,0,33,42
1742,4202,SVP,#006400,0,36,39
1743,4204,SVP,#006400,0,37,38
1746,4208,SVP,#006400,0,35,40
1747,4211,SP,#FF0000,1,49,26
1748,4212,SP,#FF0000,1,50,25
1749,4214,SVP,#006400,0,43,32
1750,4216,Grüne,#008000,4,46,29
1752,4219,SVP,#006400,0,23,52
1754,4221,Grüne,#008000,4,51,24
1755,4222,SVP,#006400,0,27,48
1756,4223,Grüne,#008000,4,46,29
1757,4224,FDP,#4169E1,2,34,41
1758,4225,FDP,#4169E1,2,41,34
1759,4226,Grüne,#008000,4,41,34
1760,4227,Grüne,#008000,4,46,29
1761,4228,CVP,#FFA500,3,48,27
1763,4232,CVP,#FFA500,3,31,44
1764,4233,CVP,#FFA500,3,35,40
1766,4236,SP,#FF0000,1,43,32
1767,4237,SP,#FF0000,1,46,29
1768,4238,Grüne,#008000,4,42,33
1769,4239,glp,#32CD32,6,33,42
1770,4240,glp,#32CD32,6,45,30
1771,4241,Grüne,#008000,4,45,30
1772,4242,FDP,#4169E1,2,23,52
1773,4245,CVP,#FFA500,3,37,38
1774,4246,SP,#FF0000,1,50,25
1775,4247,SP,#FF0000,1,46,29
1776,4250,SP,#FF0000,1,39,36
1777,4251,CVP,#FFA500,3,47,28
1778,4252,FDP,#4169E1,2,30,45
1781,4266,SP,#FF0000,1,47,28
1782,4267,SP,#FF0000,1,49,26
1783,4268,SVP,#006400,0,40,35
1784,4270,Grüne,#008000,4,44,31
1785,4271,Grüne,#008000,4,46,29
1786,4272,Grüne,#008000,4,40,35
1787,4273,glp,#32CD32,6,49,26
1788,4275,BDP,#800020,5,45,30
1789,4279,Grüne,#008000,4,41,34
1790,4280,SP,#FF0000,1,45,30
1791,4281,SP,#FF0000,1,44,31
1792,4285,glp,#32CD32,6,49,26
1793,4286,glp,#32CD32,6,33,42
1794,4287,glp,#32CD32,6,45,30
1795,4289,SP,#FF0000,1,50,25
1796,4290,CVP,#FFA500,3,33,42
1797,4292,SP,#FF0000,1,49,26
1798,4294,SVP,#006400,0,30,45
1799,4297,SP,#FF0000,1,44,31
1800,4310,SP,#FF0000,1,48,27
1801,4311,SP,#FF0000,1,47,28
1802,4312,SP,#FF0000,1,42,33
1803,4313,SP,#FF0000,1,48,27
1804,4320,BDP,#800020,5,42,33
1805,4322,Grüne,#008000,4,43,32
1806,4323,Grüne,#008000,4,46,29
1807,4324,Grüne,#008000,4,41,34
1808,4326,CVP,#FFA500,3,41,34
1809,4329,Grüne,#008000,4,42,33
1810,4330,Grüne,#008000,4,41,34
1811,4332,SVP,#006400,0,36,39
1813,4335,glp,#32CD32,6,43,32
1814,4336,CVP,#FFA500,3,42,33
1815,4338,SP,#FF0000,1,47,28
1816,4343,SP,#FF0000,1,49,26
1817,4344,SVP,#006400,0,32,43
1818,4345,SVP,#006400,0,28,47
1819,4347,SP,#FF0000,1,54,21
1820,4357,CVP,#FFA500,3,29,46
1821,4360,Grüne,#008000,4,44,31
1823,4362,Grüne,#008000,4,45,30
1824,4365,SVP,#006400,0,39,36
1825,4370,SP,#FF0000,1,44,31
1826,4371,Grüne,#008000,4,42,33
1827,4375,FDP,#4169E1,2,51,24
1829,4379,Grüne,#008000,4,47,28
1830,4380,CVP,#FFA500,3,35,40
1831,4381,SP,#FF0000,1,45,30
1832,4382,SP,#FF0000,1,46,29
1833,4386,SVP,#006400,0,27,48
1834,4389,SP,#FF0000,1,49,26
1835,4403,Grüne,#008000,4,44,31
1836,4405,FDP,#4169E1,2,43,32
1837,4406,FDP,#4169E1,2,32,43
1838,4408,Grüne,#008000,4,44,31
1839,4410,CVP,#FFA500,3,47,28
1841,4415,CVP,#FFA500,3,44,31
1842,4416,CVP,#FFA500,3,46,29
1843,4417,SP,#FF0000,1,51,24
1844,4418,SP,#FF0000,1,49,26
1845,4422,SVP,#006400,0,41,34
1846,4427,SVP,#006400,0,40,35
1847,4429,Grüne,#008000,4,44,31
1849,4435,SP,#FF0000,1,48,27
1850,4437,SVP,#006400,0,32,43
1851,4440,Grüne,#008000,4,48,27
1852,4443,glp,#32CD32,6,50,25
1853,4445,glp,#32CD32,6,45,30
1854,4449,SVP,#006400,0,29,46
1855,4450,SVP,#006400,0,37,38
1857,4456,CVP,#FFA500,3,40,35
1858,4463,SVP,#006400,0,31,44
1859,4465,SP,#FF0000,1,45,30
1860,4467,Grüne,#008000,4,44,31
1861,4471,SVP,#006400,0,35,40
1862,4474,glp,#32CD32,6,46,29
1863,4476,glp,#32CD32,6,54,21
1864,4477,Grüne,#008000,4,43,32
1865,4478,FDP,#4169E1,2,34,41
1866,4479,CVP,#FFA500,3,48,27
1868,4482,SP,#FF0000,1,52,23
1870,4489,FDP,#4169E1,2,40,35
1871,4491,SP,#FF0000,1,49,26
1872,4494,SP,#FF0000,1,49,26
1873,4495,SP,#FF0000,1,41,34
1874,4503,Grüne,#008000,4,41,34
1875,4508,glp,#32CD32,6,47,28
1876,4509,CVP,#FFA500,3,45,30
1877,4510,SP,#FF0000,1,45,30
1879,4513,SVP,#006400,0,27,48
1880,4516,SP,#FF0000,1,47,28
1882,4536,CVP,#FFA500,3,45,30
1883,4537,CVP,#FFA500,3,44,31
1884,4539,glp,#32CD32,6,50,25
1885,4540,SP,#FF0000,1,52,23
1886,4541,SVP,#006400,0,35,40
1887,4547,SP,#FF0000,1,48,27
1888,4548,SP,#FF0000,1,49,26
1889,4551,CVP,#FFA500,3,40,35
1890,4553,BDP,#800020,5,49,26
1891,4562,SVP,#006400,0,31,44
1892,4566,Grüne,#008000,4,41,34
1893,4568,CVP,#FFA500,3,40,35
1894,4574,CVP,#FFA500,3,50,25
1895,4579,Grüne,#008000,4,45,30
1896,4580,Grüne,#008000,4,44,31
1897,4582,CVP,#FFA500,3,29,46
1898,4583,SP,#FF0000,1,48,27
1899,4584,SP,#FF0000,1,46,29
1900,4593,SVP,#006400,0,40,35
1901,4594,SVP,#006400,0,43,32
1902,4595,SVP,#006400,0,37,38
1903,4603,Grüne,#008000,4,45,30
1904,4618,SVP,#006400,0,34,41
1905,4643,Grüne,#008000,4,43,32
1906,4644,Grüne,#008000,4,44,31
1907,4645,SP,#FF0000,1,49,26
1909,4648,CVP,#FFA500,3,48,27
1910,4659,CVP,#FFA500,3,48,27
